pos	category	stereotype	lemma	level
n	cds	no	frasortering	conservative
n	re	no	felony	inclusive
n	ddf	yes	handicap	inclusive
n	dmc	yes	dilly-dallier	conservative
n	an	no	fjumrehoved	conservative
a	ddp	yes	tåbelig	conservative
n	an	no	kaimaner	inclusive
a	om	no	uregelmæssig	inclusive
n	cds	no	tjenestemand	inclusive
n	an	no	animalculum	inclusive
n	ddp	yes	arsehole	conservative
n	cds	no	skrotte	inclusive
n	om	no	balde	inclusive
n	cds	no	pilferer	conservative
n	ddf	yes	handikap	inclusive
n	cds	no	politibetjent	conservative
n	cds	no	husholdningsaffald	inclusive
n	cds	no	culchie	inclusive
n	ps	yes	hoftestykke	conservative
n	cds	no	forbrydelse	inclusive
n	an	no	insekter	inclusive
n	ddp	yes	hjerneskade	inclusive
n	cds	no	demagog	conservative
n	re	no	kriminalitet	inclusive
n	asf	no	kønsbehåring	inclusive
n	svp	no	conceitedness	conservative
n	asf	no	numskull	conservative
n	qas	no	landarbejder	inclusive
n	re	no	drabet	inclusive
n	asm	no	fuck	conservative
n	cds	no	betjent	conservative
n	dmc	yes	onde	inclusive
n	cds	no	gossipmonger	conservative
n	dmc	yes	kriminel	conservative
n	cds	no	moneylending	conservative
n	ps	yes	jødedom	inclusive
n	om	no	homosexualism	inclusive
n	cds	no	pædagog	inclusive
n	re	no	tyvagtige	inclusive
n	an	no	culex pipiens	inclusive
n	svp	no	griskhed	inclusive
n	asf	no	fæ	conservative
n	qas	no	blooper	inclusive
n	an	no	pak	conservative
n	qas	no	parasit	inclusive
n	an	no	sankthansorm	inclusive
n	or	no	meticulosity	inclusive
n	ddf	yes	handicaprejser	inclusive
n	cds	no	mess-up	inclusive
n	pa	yes	frikorporal	inclusive
n	cds	no	forbryder	inclusive
n	qas	no	forretningskvinde	inclusive
n	pr	no	prostituerede	conservative
n	qas	no	butiksindehaver	inclusive
n	cds	no	scads	inclusive
n	svp	no	vrede	inclusive
n	an	no	slagtekvæg	inclusive
n	an	no	blodsuger	inclusive
n	cds	no	plageånd	conservative
n	svp	no	fysisk tiltrækning	inclusive
n	dmc	yes	dissimulator	conservative
n	dmc	yes	svindler	conservative
n	re	no	bøddel	inclusive
n	om	no	derriere	inclusive
n	dmc	yes	pilferer	conservative
n	cds	no	halv-pint	conservative
n	pr	no	socialites	inclusive
n	an	no	kropslus	inclusive
n	qas	no	falskheden	conservative
n	qas	no	blande-mangle	inclusive
n	cds	no	forbrydelser	inclusive
n	ddp	yes	udviklingshæmmet	inclusive
n	cds	no	strømer	inclusive
n	cds	no	scores	inclusive
n	re	no	kidnappere	inclusive
n	an	no	ildflue	inclusive
n	pr	no	pladder	conservative
n	cds	no	fortalelse	inclusive
n	dmc	yes	ondskab	inclusive
n	ddf	yes	handicappede	inclusive
a	an	no	stædig	inclusive
n	cds	no	fundamentalist	inclusive
n	qas	no	overensstemmelse	inclusive
n	cds	no	bandemedlem	conservative
n	cds	no	banditter	inclusive
n	dmc	yes	loiterer	conservative
a	svp	no	misundelig	conservative
n	is	yes	stakkels djævel	inclusive
n	om	no	suppleanter	inclusive
n	cds	no	røver	conservative
n	pr	no	rattus	inclusive
n	pr	no	kommercielle seksuelle	conservative
n	cds	no	masse	inclusive
n	qas	no	løgner	conservative
n	ddp	yes	knallert	conservative
n	an	no	kryds	inclusive
n	cds	no	schoolma'am	conservative
n	is	yes	tigger	inclusive
n	an	no	sjakaler	inclusive
n	qas	no	flub	inclusive
n	om	no	sodimi	inclusive
n	cds	no	retard	inclusive
n	an	no	rivejern	conservative
n	pa	yes	advocator	inclusive
n	an	no	vamper	conservative
n	an	no	tamhund	inclusive
n	asf	no	skedeåbning	conservative
n	pa	yes	revisor	inclusive
n	an	no	gnom	conservative
n	cds	no	hvilested	inclusive
n	ps	yes	bulgarsk	inclusive
n	dmc	yes	scattergood	inclusive
a	svp	no	arrogant	conservative
n	pa	yes	dørmand	inclusive
n	pr	no	hetaira	inclusive
n	dmc	yes	vaks	inclusive
n	ddp	yes	idioti	inclusive
n	ddp	yes	blabber	conservative
n	cds	no	gadebander	inclusive
n	an	no	lunkhead	conservative
n	an	no	culicidae	inclusive
n	an	no	blattaria	inclusive
n	cds	no	junk mail	inclusive
n	qas	no	kastesystemet	inclusive
n	dmc	yes	merry andrew	inclusive
n	cds	no	puslespil	conservative
n	cds	no	lyve	inclusive
n	ps	yes	jøde	inclusive
n	an	no	krokodiller	inclusive
n	svp	no	seksuallyst	inclusive
n	ddp	yes	churl	conservative
n	asf	no	saphead	conservative
n	pa	yes	bogholder	inclusive
n	ddp	yes	ninny	conservative
n	an	no	diddlyshit	conservative
n	ddp	yes	lortehoved	conservative
n	an	no	sengetæge	inclusive
n	an	no	bos taurus	inclusive
n	re	no	voldtaget	conservative
n	svp	no	mope	conservative
n	om	no	ventrolaterale	inclusive
n	qas	no	mooch	conservative
a	cds	no	arrogant	conservative
n	qas	no	løgn	conservative
n	pa	yes	piccolo	inclusive
n	cds	no	bandekrige	conservative
n	svp	no	superbia	conservative
n	cds	no	plantebioteknologi	inclusive
n	cds	no	officer	inclusive
n	cds	no	avismand	inclusive
n	cds	no	lowlife	conservative
n	cds	no	namby-pamby	conservative
n	qas	no	fieldhand	inclusive
n	svp	no	overmod	inclusive
n	om	no	boller	inclusive
n	ddp	yes	kvaksalver	conservative
n	om	no	nance	conservative
n	cds	no	loanshark	inclusive
n	an	no	tykhovedet	conservative
v	asm	no	knalde	conservative
n	an	no	ged-antilope	inclusive
n	om	no	ventrale	inclusive
n	cds	no	weisenheimer	conservative
n	re	no	stjålne genstande	inclusive
n	qas	no	retor	inclusive
v	cds	no	skrumpe	inclusive
n	cds	no	latrin	inclusive
n	an	no	maddiker	inclusive
n	ps	yes	doofus	conservative
n	svp	no	nærighed	inclusive
n	ddp	yes	fumbler	conservative
n	an	no	anguillidae	inclusive
n	an	no	frø	inclusive
n	pa	yes	landsretssagfører	inclusive
n	qas	no	erhvervsdrivende	inclusive
n	an	no	kyllinger	inclusive
n	qas	no	løgnerske	conservative
n	cds	no	vogn vej	inclusive
n	cds	no	slyngelstater	conservative
n	ps	yes	roma-folket	inclusive
n	dmc	yes	libertinisme	conservative
n	om	no	homoseksuelle	conservative
n	an	no	tudser	inclusive
n	cds	no	charlatan	conservative
n	cds	no	forbudt	inclusive
n	cds	no	antic	inclusive
n	an	no	sucker	inclusive
n	cds	no	instruktør	inclusive
n	svp	no	good-for-nothing	conservative
n	an	no	hirudinea	inclusive
n	qas	no	skrot	inclusive
n	asm	no	diller	conservative
n	cds	no	entusiast	inclusive
n	dmc	yes	umoralsk	inclusive
n	ddp	yes	barbar	conservative
n	asf	no	dumrian	conservative
n	an	no	bestialitet	conservative
n	qas	no	kennel	inclusive
n	an	no	væggelus	inclusive
n	dmc	yes	libertine	conservative
n	asm	no	kødfløjte	conservative
n	is	yes	niggard	conservative
n	cds	no	foxiness	conservative
n	qas	no	endoparasitter	inclusive
n	cds	no	fæhoved	conservative
n	an	no	skulen	inclusive
n	cds	no	gruppe	inclusive
n	ddp	yes	hokum	conservative
n	dmc	yes	ond	inclusive
n	qas	no	grandiositet	inclusive
n	cds	no	snoop	conservative
n	pr	no	bunkum	conservative
n	cds	no	wank	conservative
n	asm	no	godtroenhed	conservative
a	svp	no	vred	inclusive
n	cds	no	svækling	conservative
n	qas	no	fib	conservative
n	qas	no	hutch	inclusive
n	cds	no	snesevis	inclusive
n	an	no	uuddannet person,	conservative
n	cds	no	tons	inclusive
n	cds	no	svindler	conservative
n	an	no	crocodilia	inclusive
n	an	no	helix pomatia	inclusive
n	an	no	køer	inclusive
n	cds	no	overmod	inclusive
n	cds	no	slob	conservative
n	cds	no	fredløshed	conservative
n	cds	no	camorraen	inclusive
n	ddp	yes	numskull	conservative
n	qas	no	baroner	inclusive
n	ps	yes	judaismen	inclusive
n	dmc	yes	bumbler	conservative
n	cds	no	røver	inclusive
n	cds	no	moraliserende	inclusive
n	an	no	despoiler	inclusive
n	cds	no	klasselærerinde	inclusive
n	cds	no	bluestocking	inclusive
n	qas	no	retoriker	inclusive
n	cds	no	fangevogter	inclusive
n	ddp	yes	infauna	inclusive
n	an	no	ål	inclusive
n	cds	no	dandy	inclusive
n	om	no	cross-dressers	inclusive
n	qas	no	shack	inclusive
n	asm	no	hane	inclusive
n	cds	no	fæ	conservative
n	ps	yes	negermand	inclusive
n	ddp	yes	galskab	conservative
n	qas	no	sodbuster	inclusive
n	ddp	yes	metazoans	inclusive
n	an	no	kakerlakker	inclusive
n	cds	no	dude	inclusive
n	cds	no	egoisme	conservative
n	svp	no	aboulia	inclusive
n	cds	no	fabrikator	conservative
n	cds	no	hurtigt et	conservative
n	re	no	dræbe	inclusive
n	om	no	bageste	inclusive
n	cds	no	spædbarn	inclusive
n	cds	no	sonny	inclusive
n	qas	no	hus maleri	inclusive
n	qas	no	maler og dekoratør	inclusive
n	svp	no	syv dødssynder	inclusive
n	cds	no	kryster	conservative
n	om	no	homoseksuel	conservative
n	svp	no	de 7 dødssynder	inclusive
n	cds	no	superbia	conservative
n	re	no	kval	inclusive
n	cds	no	poltroon	conservative
n	cds	no	boner	inclusive
n	cds	no	vrøvl	inclusive
n	svp	no	gorger	conservative
n	cds	no	fanatisme	conservative
a	cds	no	ordinær	inclusive
n	asm	no	testiklerne	inclusive
n	re	no	lovbrud	inclusive
n	svp	no	hovmod	conservative
n	re	no	sexkriminalitet	inclusive
n	qas	no	moocher	conservative
n	pa	yes	hyrdinde	inclusive
n	cds	no	stjæle	inclusive
n	an	no	spekulant	conservative
n	an	no	gigolo	conservative
n	cds	no	skare	inclusive
n	cds	no	familie	inclusive
n	cds	no	huslærer	inclusive
n	an	no	natugle	inclusive
n	re	no	morderske	inclusive
n	dmc	yes	bøtcher	conservative
n	cds	no	fawner	conservative
n	cds	no	bordel	inclusive
n	dmc	yes	drifter	inclusive
n	ddp	yes	pak	conservative
n	cds	no	mægler	inclusive
n	asm	no	tosse	conservative
n	cds	no	botch	inclusive
a	svp	no	begærlig	inclusive
n	an	no	gase	inclusive
n	qas	no	håndlanger	inclusive
n	or	no	poof	conservative
n	cds	no	et støtte	inclusive
n	cds	no	hybrid	inclusive
n	om	no	anatomiske hensyn til placering	inclusive
n	re	no	mafia	conservative
n	cds	no	flub	inclusive
n	pa	yes	kontorfunktionær	inclusive
n	cds	no	inderste cirkel	inclusive
n	ps	yes	sort	inclusive
n	cds	no	pool hustling	conservative
n	asm	no	knallert	conservative
n	dmc	yes	forfalskninger	inclusive
n	qas	no	spilopmager maker	conservative
n	ddp	yes	tåbe	inclusive
n	ddp	yes	pillock	conservative
n	re	no	handel injurier	inclusive
n	cds	no	dweeb	conservative
n	cds	no	fredløs	conservative
n	asm	no	forhud	inclusive
n	cds	no	masser	inclusive
n	an	no	dyreliv	inclusive
n	ps	yes	neger	inclusive
n	an	no	snegl	inclusive
n	or	no	queer	conservative
n	cds	no	rustler	inclusive
n	om	no	paedicatio	inclusive
n	an	no	brant	inclusive
n	qas	no	skrivebord job	inclusive
n	dmc	yes	falske	conservative
n	pa	yes	fortaler	inclusive
n	ddp	yes	dyreriget	inclusive
n	pr	no	luder	inclusive
n	cds	no	stodder	conservative
n	ps	yes	retard	conservative
n	cds	no	mason	inclusive
n	cds	no	klodrian	conservative
n	an	no	regnum animale	inclusive
n	qas	no	forpagtning	inclusive
n	ddp	yes	vanvid	conservative
a	ddp	yes	dum	conservative
n	cds	no	ordenshåndhæver	inclusive
n	cds	no	frimurerorden	inclusive
n	qas	no	friherre	inclusive
n	asm	no	utilladelig spillemåde	inclusive
n	an	no	hanrej	conservative
n	svp	no	spiritlessness	inclusive
n	asm	no	vicia faba	inclusive
n	cds	no	funktionær	inclusive
n	cds	no	rænkesmed	inclusive
n	cds	no	rotter	conservative
n	pr	no	street pige	conservative
n	an	no	hvidhaj	inclusive
n	qas	no	karl	inclusive
n	an	no	bløddyr	inclusive
n	cds	no	ved-all	conservative
n	cds	no	lovovertrædelse	inclusive
n	cds	no	fundamentalister	inclusive
n	cds	no	frimureri	inclusive
n	cds	no	nouveaux rigdomme	inclusive
n	asm	no	fæhoved	conservative
n	om	no	bagtil	inclusive
n	pr	no	elskerinde	inclusive
n	an	no	lopper	inclusive
n	cds	no	falde fyr	conservative
n	qas	no	bloodhound	inclusive
n	cds	no	skvat	conservative
n	re	no	voldtægtsforbrydere	conservative
n	cds	no	facisme	conservative
n	or	no	tomat	inclusive
n	cds	no	røvere	inclusive
n	cds	no	narcissist	inclusive
n	an	no	dumbass	conservative
n	or	no	dumbass	conservative
n	qas	no	forretningsmand	inclusive
n	qas	no	pak	conservative
n	qas	no	orator	inclusive
n	svp	no	avaritia	inclusive
n	cds	no	barbar	conservative
n	qas	no	blybælte	inclusive
n	pa	yes	korporlig	inclusive
n	cds	no	talebearer	conservative
n	cds	no	bumpkin	conservative
n	an	no	salientian	inclusive
n	om	no	dorsolaterale	inclusive
n	asm	no	flouter	conservative
n	ddp	yes	analfabet	inclusive
n	ps	yes	boor	conservative
n	cds	no	fanatikere	inclusive
n	an	no	jilt	conservative
n	qas	no	testikel	inclusive
n	ps	yes	rroma	inclusive
n	om	no	homoeroticism	inclusive
n	re	no	bedragerne	inclusive
n	om	no	pædicare	inclusive
n	dmc	yes	lowlife	inclusive
n	cds	no	wads	inclusive
n	re	no	voldtægt	conservative
n	or	no	dumrian	conservative
a	ddp	yes	tomhjernet	conservative
n	dmc	yes	løgner	conservative
n	pa	yes	kontorassistent	inclusive
n	an	no	fauna	inclusive
n	qas	no	ballock	inclusive
n	ddp	yes	muggins	conservative
n	om	no	faggot	conservative
n	an	no	tudse	inclusive
a	dmc	yes	uren	inclusive
n	cds	no	mussiness	conservative
n	pr	no	husleje dreng	conservative
n	an	no	fedtsyl	conservative
n	asm	no	nookie	conservative
n	cds	no	traditionel forædling	inclusive
n	cds	no	løgnerske	conservative
n	an	no	hudtænder	inclusive
n	an	no	prickteaser	conservative
n	an	no	protelinae	inclusive
n	an	no	so	inclusive
a	re	no	uautoriseret	inclusive
n	asf	no	dunderhead	conservative
n	cds	no	bandekrige	inclusive
n	qas	no	amateurishness	conservative
n	asm	no	javert	inclusive
n	an	no	myg	inclusive
a	ddp	yes	åndssvag	conservative
n	pa	yes	højesteretsadvokat	inclusive
n	cds	no	bande	conservative
n	pa	yes	comptroller	inclusive
n	an	no	kirkeugle	inclusive
n	asm	no	onanere	conservative
n	asm	no	pæl	inclusive
n	re	no	kidnapper	inclusive
n	ps	yes	ostrogoter	inclusive
n	an	no	røv	inclusive
n	re	no	gangster	inclusive
n	cds	no	blæksort	conservative
n	cds	no	fascisme	conservative
n	qas	no	fuddle	inclusive
n	qas	no	mandskab	inclusive
n	cds	no	motherfucker	conservative
n	re	no	svindler	inclusive
n	an	no	sciaenops ocellatus	inclusive
n	re	no	seksuelt overgreb	inclusive
n	cds	no	krydse	inclusive
n	cds	no	rumormonger	conservative
n	dmc	yes	forstillelse	conservative
n	an	no	kvæg	inclusive
n	asm	no	bred bønne	inclusive
n	ps	yes	boche	conservative
n	pa	yes	professors navn	inclusive
n	dmc	yes	boor	conservative
n	an	no	barred owl	inclusive
n	om	no	queer	conservative
a	dmc	yes	ynkelig	conservative
n	cds	no	boo-boo	inclusive
n	ps	yes	israelitiske	inclusive
n	qas	no	pamper	inclusive
n	an	no	skrammel	conservative
n	qas	no	mellemindkomstlande	inclusive
n	an	no	little owl	inclusive
n	pr	no	ildflue	inclusive
n	om	no	caudalt	inclusive
n	asm	no	idiot	conservative
n	cds	no	fængselsfunktionær	inclusive
n	pa	yes	bedemand	inclusive
n	cds	no	problemer	conservative
n	an	no	ko	conservative
n	an	no	familiaris	inclusive
n	cds	no	frimurer	inclusive
n	cds	no	selv-kærlighed	conservative
n	cds	no	neonatal	inclusive
n	an	no	ros	conservative
n	cds	no	strejkebrydere	inclusive
n	ps	yes	jødedommens historie	inclusive
n	pa	yes	professorat	inclusive
n	pa	yes	professorer	inclusive
n	ddp	yes	kræ	inclusive
n	re	no	debaucher	conservative
n	pr	no	ludder	conservative
n	ddp	yes	codswallop	conservative
n	qas	no	amatør	inclusive
n	dmc	yes	misdæder	inclusive
n	ps	yes	fæhoved	conservative
n	dmc	yes	selvretfærdig	conservative
n	cds	no	shylock	inclusive
n	cds	no	interfertility	inclusive
a	ps	yes	kinesisk	inclusive
n	an	no	kylling	inclusive
n	an	no	diddly	conservative
n	cds	no	strisser	conservative
n	pr	no	luder	conservative
n	dmc	yes	frafaldne	conservative
n	qas	no	tagalong	conservative
n	ddp	yes	ros	conservative
n	re	no	morder	inclusive
n	qas	no	magniloquence	inclusive
n	cds	no	usandhed	conservative
n	asf	no	pubeshår	inclusive
n	or	no	brændt orange	inclusive
n	asm	no	kok	inclusive
n	cds	no	venality	inclusive
n	cds	no	go-mellem	inclusive
n	om	no	homosexualitet	inclusive
n	cds	no	hayseed	conservative
n	pr	no	mætresse	conservative
n	is	yes	skinflint	conservative
n	asm	no	avafauna	inclusive
n	ps	yes	vandalisme	inclusive
n	om	no	agterparti	inclusive
n	an	no	dårligt menneske	conservative
n	cds	no	'ndrangheta	inclusive
n	dmc	yes	mozzarella	inclusive
n	an	no	caprinae	inclusive
n	svp	no	dillydallier	conservative
n	pr	no	slagge	conservative
n	qas	no	boor	conservative
n	dmc	yes	bruger-all	inclusive
n	svp	no	dovenskab	inclusive
n	qas	no	bøjle-on	conservative
a	dmc	yes	doven	conservative
n	or	no	pudden-head	conservative
n	pa	yes	prof	inclusive
n	pr	no	socialite	inclusive
n	asm	no	fugle	inclusive
n	cds	no	budding hoved	conservative
n	cds	no	mediator	inclusive
n	asm	no	jerk-off	conservative
n	cds	no	åger	conservative
n	an	no	knucklehead	conservative
n	pr	no	floozie	conservative
n	cds	no	anden-rater	conservative
n	an	no	orm	inclusive
n	qas	no	snooper	inclusive
n	dmc	yes	stakkels djævel	conservative
n	ddf	yes	gnom	conservative
n	qas	no	landmand	inclusive
n	cds	no	garderobe	inclusive
n	cds	no	evildoer	conservative
n	qas	no	konform	conservative
n	re	no	mafiosi	inclusive
n	cds	no	mordvarg	conservative
n	cds	no	ragelse	conservative
a	cds	no	tomhjernet	conservative
n	an	no	ferociousness	conservative
n	qas	no	rhetor	inclusive
n	ps	yes	zulu folk	inclusive
n	om	no	homofile	conservative
n	asm	no	skide	conservative
n	re	no	lovovertrædelse	inclusive
n	an	no	sea scorpion	inclusive
n	pr	no	prostitution	inclusive
n	re	no	'ndrangheta	inclusive
n	cds	no	betjent	inclusive
n	om	no	finocchio	inclusive
n	pa	yes	akademikere	inclusive
n	an	no	branta bernicla	inclusive
n	dmc	yes	kriminel	inclusive
n	an	no	lortehoved	conservative
n	pr	no	gadeprostitution	conservative
n	cds	no	prankster	conservative
n	dmc	yes	så-og-så	inclusive
n	dmc	yes	hayseed	conservative
n	or	no	noggin	inclusive
n	an	no	ugle	inclusive
n	pa	yes	nk gruppefører	inclusive
n	asm	no	ninny	conservative
n	pa	yes	churl	conservative
n	cds	no	tidsserver	conservative
n	cds	no	shirker	conservative
n	qas	no	forpagtere	inclusive
n	ddp	yes	zooerastia	conservative
n	qas	no	parasitisme	inclusive
n	ddp	yes	dumrian	conservative
n	ddp	yes	barbari	inclusive
n	qas	no	sogne	inclusive
n	pr	no	køer	inclusive
n	cds	no	reaktionarisme	conservative
n	asm	no	han	inclusive
n	cds	no	fascistisk	conservative
n	dmc	yes	ødsle	inclusive
n	asm	no	aves	inclusive
n	cds	no	konspirationsteoretiker	inclusive
n	asf	no	tumpe	conservative
n	cds	no	bogorm	conservative
n	an	no	yap	inclusive
n	ps	yes	Østgoterne	inclusive
n	an	no	med t+	inclusive
n	an	no	piggy	inclusive
n	an	no	muldyr	inclusive
n	cds	no	perspicaciousness	inclusive
n	cds	no	rookie	conservative
n	an	no	mandsling	conservative
n	dmc	yes	fetor	conservative
n	cds	no	pandar	inclusive
n	ddp	yes	taleteller	conservative
n	cds	no	gerningsmanden	inclusive
n	asm	no	soft touch	conservative
n	cds	no	kliker	inclusive
n	re	no	ungdomskriminel	conservative
n	cds	no	surringer	inclusive
n	cds	no	kriminel	conservative
n	dmc	yes	gør ingenting	conservative
n	re	no	afpresning	inclusive
n	cds	no	rak-rouser	conservative
n	an	no	anser	inclusive
n	pr	no	kvæg	inclusive
n	cds	no	underviste	inclusive
a	ddp	yes	uvidende	conservative
n	svp	no	skinflint	conservative
n	dmc	yes	vendekåbe	conservative
n	svp	no	faineance	inclusive
n	ps	yes	vandal	inclusive
n	cds	no	pernittengryn	conservative
n	cds	no	pengeudlånere	conservative
n	dmc	yes	chiseller	conservative
n	dmc	yes	krigsforræderi	conservative
n	ps	yes	kineser	inclusive
n	svp	no	joakim	conservative
n	asm	no	ballock	inclusive
n	cds	no	pompousness	inclusive
a	cds	no	illegal	inclusive
n	asf	no	teknikalitet	inclusive
n	an	no	floozy	conservative
n	dmc	yes	ildelugt	conservative
n	ddp	yes	riffraff	conservative
n	qas	no	fumbler	conservative
n	cds	no	fredløs	inclusive
n	pa	yes	svinekød slagter	inclusive
n	ddp	yes	microcephalus	inclusive
n	an	no	strix varia	inclusive
n	dmc	yes	paria	inclusive
n	an	no	fysiognomi	inclusive
n	ddp	yes	afslørende	conservative
n	om	no	frue	inclusive
n	qas	no	taler	inclusive
n	cds	no	gadebander	conservative
n	cds	no	junto	inclusive
n	dmc	yes	scum taske	inclusive
n	cds	no	fjols	conservative
n	cds	no	narrestreger	inclusive
n	cds	no	alfons	conservative
n	qas	no	fælles mand	inclusive
n	cds	no	fortalervirksomhed	inclusive
n	re	no	slayer	inclusive
n	an	no	gæs	inclusive
n	an	no	psittaciformes	inclusive
n	cds	no	pengeudlåner	conservative
n	ps	yes	halv-kaste	conservative
n	an	no	brutalitet	inclusive
n	cds	no	bras	inclusive
n	cds	no	cowardliness	conservative
n	an	no	volaille	inclusive
n	asf	no	dumme	conservative
n	cds	no	hyperseksualitet	conservative
n	pa	yes	akademiske	inclusive
n	cds	no	highwayman	conservative
n	dmc	yes	banditter	inclusive
n	cds	no	pandemonium	inclusive
n	ps	yes	halvblods	conservative
n	dmc	yes	desertør	conservative
n	re	no	kidnappe	inclusive
n	an	no	barbari	inclusive
n	qas	no	aflivning	conservative
n	svp	no	dagdriver	conservative
a	qas	no	ordinær	inclusive
n	cds	no	hauteur	conservative
n	dmc	yes	debauchee	conservative
n	an	no	screech owl	inclusive
n	cds	no	demagogi	conservative
n	ddp	yes	patsy	conservative
n	ddp	yes	sludder	conservative
n	pr	no	fæ	inclusive
n	an	no	ondskab	conservative
a	svp	no	arrig	inclusive
n	cds	no	line-shooter	conservative
n	an	no	crocodylidae	inclusive
n	dmc	yes	good-for-intet	conservative
n	cds	no	politimand	inclusive
n	svp	no	utugt	inclusive
n	re	no	sexforbrydelser	inclusive
n	ps	yes	negroids	inclusive
n	asm	no	penishoved	inclusive
n	cds	no	sortlistet	inclusive
n	pa	yes	clerk	inclusive
n	cds	no	korrupt	inclusive
n	cds	no	hack writer	conservative
n	or	no	gay	conservative
n	cds	no	phratry	inclusive
n	svp	no	lediggang	inclusive
a	dmc	yes	beskidt	inclusive
n	cds	no	tomfool	conservative
n	is	yes	ragamuffin	conservative
n	an	no	rouncey	inclusive
n	asm	no	redesnylter	inclusive
n	pa	yes	universitetsprofessor	inclusive
n	pr	no	trækkerdreng	conservative
n	ps	yes	andre racer	inclusive
a	svp	no	gal	inclusive
a	cds	no	blæst	conservative
n	an	no	mollusca	inclusive
n	an	no	plyndrer	inclusive
n	an	no	gris	inclusive
n	re	no	villainess	conservative
n	ps	yes	mongol	inclusive
n	an	no	aureus	inclusive
a	ps	yes	sortfarvet	inclusive
n	om	no	bagenden	inclusive
n	cds	no	meddler	conservative
n	cds	no	penge udlån	conservative
n	om	no	laterale	inclusive
n	an	no	hyæne	inclusive
n	re	no	vildskab	inclusive
n	cds	no	fanatiker	conservative
n	qas	no	ros	conservative
n	qas	no	baronesse	inclusive
n	an	no	øfgris	inclusive
n	an	no	husleje dreng	conservative
n	ps	yes	idiot	conservative
n	an	no	hyaena	inclusive
n	svp	no	doven	inclusive
n	or	no	numskull	conservative
n	cds	no	fortræd	conservative
n	qas	no	monger	inclusive
n	dmc	yes	lyve	inclusive
n	qas	no	magnat	inclusive
a	cds	no	åndssvag	conservative
n	asm	no	fæ	conservative
n	om	no	homoseksuelle	inclusive
n	re	no	plyndre	inclusive
n	ddp	yes	brutalitet	inclusive
n	dmc	yes	bedrag	conservative
n	re	no	rustler	inclusive
n	dmc	yes	ne'er-do-godt	conservative
n	an	no	eurypterids	inclusive
n	ddp	yes	nanocephaly	inclusive
n	cds	no	forbeder	inclusive
n	an	no	eurasian griffon	inclusive
n	ps	yes	cretin	conservative
n	re	no	seksuel forulempelse	inclusive
n	cds	no	self-tilbedelse	inclusive
n	cds	no	falskhed	inclusive
n	cds	no	politifolk	conservative
n	svp	no	tomhed	conservative
a	ps	yes	rasende	conservative
n	cds	no	ostentatiousness	inclusive
n	ps	yes	barbariske	conservative
n	or	no	potatoe	inclusive
n	om	no	kontralaterale	inclusive
n	dmc	yes	fibber	conservative
n	om	no	numse	inclusive
n	ddp	yes	uuddannet person,	conservative
v	cds	no	plapre	inclusive
n	ps	yes	drifter	inclusive
n	asm	no	kødfløjte	inclusive
n	an	no	wisent	inclusive
n	asf	no	cretin	conservative
n	an	no	animalia	inclusive
n	cds	no	miskmask	inclusive
n	cds	no	beguine	inclusive
n	an	no	høne	inclusive
n	cds	no	newswriter	inclusive
n	ps	yes	negere	inclusive
n	cds	no	fib	conservative
n	dmc	yes	forfalskning	inclusive
n	re	no	afpressede	conservative
n	ps	yes	gult kort	inclusive
n	cds	no	sjofel hus	inclusive
n	dmc	yes	trifler	conservative
n	cds	no	papparazzi	inclusive
n	an	no	tosse	conservative
n	cds	no	folderol	conservative
n	cds	no	skrot	inclusive
n	an	no	streetwalker	conservative
n	an	no	pip-knirke	conservative
n	svp	no	liderlighed	inclusive
n	asf	no	muttonhead	conservative
n	cds	no	afgudsdyrkelse	inclusive
n	cds	no	funktionær	conservative
n	qas	no	landmænd	inclusive
n	re	no	backbiter	conservative
n	om	no	mandlige seksualitet	inclusive
n	qas	no	nasserøv	conservative
n	an	no	visent	inclusive
n	an	no	kødkvæg	inclusive
n	cds	no	ådsler	inclusive
n	qas	no	fredsforstyrrer	conservative
n	re	no	magtmisbrug	inclusive
n	pa	yes	fiskerkone	inclusive
n	qas	no	topchef	inclusive
n	an	no	caiman	inclusive
n	qas	no	miskmask	inclusive
n	cds	no	debil person	inclusive
n	dmc	yes	moral	inclusive
n	an	no	maw	inclusive
n	cds	no	mafia	inclusive
n	ddp	yes	sundhed svig	conservative
n	an	no	uldfår	inclusive
n	om	no	proximale	inclusive
n	svp	no	gourmandizer	inclusive
n	re	no	smerte	inclusive
n	ps	yes	ruiner	conservative
n	re	no	blackmail	conservative
n	pa	yes	adjunkt	inclusive
n	dmc	yes	stinke	conservative
n	dmc	yes	hykleri	conservative
n	dmc	yes	falskheden	inclusive
n	or	no	fisse	conservative
n	om	no	pæderast	conservative
n	ddf	yes	deaktivere	inclusive
n	an	no	gadeprostitution	conservative
n	svp	no	ligegyldighed	inclusive
n	qas	no	borgerlig	inclusive
n	svp	no	hovmod	inclusive
n	cds	no	papir-pusher	inclusive
n	om	no	gayness	inclusive
n	dmc	yes	umoral	inclusive
n	ps	yes	gawk	conservative
n	re	no	drive by shooting	inclusive
n	dmc	yes	forræder	conservative
n	cds	no	forbryder	conservative
n	asm	no	blød stråle	inclusive
n	cds	no	chiseller	inclusive
n	an	no	batrachian	inclusive
n	re	no	kriminel	inclusive
n	cds	no	lån sharking	conservative
n	om	no	homophile	conservative
n	an	no	gedekid	inclusive
n	ps	yes	darkey	conservative
n	cds	no	ragtag	conservative
n	cds	no	quidnunc	conservative
n	ddp	yes	dyreart	inclusive
n	cds	no	poltroonery	inclusive
n	an	no	kælling	conservative
n	or	no	squash	inclusive
n	asf	no	muggins	conservative
n	cds	no	blackball	inclusive
n	ddp	yes	tosse	conservative
n	pr	no	kommercielle seksuelle	inclusive
n	cds	no	så-og-så	conservative
n	asm	no	brownness	inclusive
n	an	no	blankål	inclusive
n	cds	no	nørd	conservative
n	pa	yes	prokurator	inclusive
n	dmc	yes	hobo	conservative
n	om	no	dorsoventral	inclusive
n	ps	yes	omflakkende	inclusive
n	asf	no	patsy	conservative
n	re	no	plagiere	inclusive
n	an	no	høns	inclusive
n	qas	no	konformisme	inclusive
n	asm	no	fjumrehoved	conservative
v	cds	no	pludre	inclusive
n	cds	no	bedrag	inclusive
n	an	no	krokodilleskind	inclusive
n	pr	no	konkubiner	inclusive
n	svp	no	pirrende	inclusive
n	re	no	manddrab	inclusive
n	ps	yes	tåbe	conservative
n	an	no	strigiformes	inclusive
n	an	no	ovis aries	inclusive
n	svp	no	minginess	conservative
n	re	no	delictum sui generis	inclusive
n	pa	yes	kontorist	inclusive
n	cds	no	klaner	inclusive
n	re	no	slyngelstater	conservative
n	cds	no	praleri	conservative
n	om	no	drengekærlighed	inclusive
n	an	no	tamfår	inclusive
n	ps	yes	jødiske	inclusive
n	qas	no	husmand	inclusive
n	ddp	yes	tåbe	conservative
n	om	no	apikale	inclusive
n	asm	no	jeerer	conservative
n	ddp	yes	tykhovedet	conservative
n	qas	no	blodhund	inclusive
n	ps	yes	zuluer	inclusive
a	ddp	yes	brutal	conservative
n	qas	no	testikler	inclusive
n	cds	no	fest	inclusive
n	asm	no	falliske	inclusive
n	asm	no	rulle i høet	conservative
n	svp	no	dovenskab	conservative
n	cds	no	taleteller	conservative
n	cds	no	peons	inclusive
n	om	no	cross-dressing	inclusive
n	cds	no	hovedmand	inclusive
n	pa	yes	korporal	inclusive
n	qas	no	affald	inclusive
n	qas	no	besvær maker	conservative
n	svp	no	gnier	conservative
n	re	no	exact	inclusive
n	pr	no	stud	inclusive
n	an	no	leje drenge	conservative
n	re	no	defamer	conservative
n	or	no	dum	conservative
n	asm	no	vedhæng	inclusive
n	svp	no	begærlighed	inclusive
n	re	no	forbrydelse	inclusive
n	cds	no	bootlicker	conservative
n	pa	yes	prof.	inclusive
n	dmc	yes	drivert	conservative
n	asm	no	nooky	conservative
n	cds	no	dynger	inclusive
n	ddp	yes	skifting	inclusive
n	pa	yes	sagfører	inclusive
n	or	no	cucurbita maxima	inclusive
n	cds	no	arrestforvarer	inclusive
n	cds	no	mor fucker	conservative
n	dmc	yes	ungdomskriminel	conservative
n	re	no	forbrydere	inclusive
n	an	no	infauna	inclusive
n	is	yes	have-ikke	inclusive
n	an	no	skurk	conservative
n	re	no	manddraber	inclusive
n	cds	no	yderste højre-fløjen	conservative
n	dmc	yes	treasonist	conservative
n	dmc	yes	fumbler	conservative
n	om	no	posteriort	inclusive
n	ps	yes	bedu	inclusive
n	cds	no	drillesyg	conservative
n	cds	no	journalist	inclusive
n	an	no	morpioner	inclusive
n	ps	yes	fascist	inclusive
n	svp	no	good-for-intet	conservative
n	cds	no	cheekiness	conservative
n	cds	no	toiletter	inclusive
n	re	no	voldelig	inclusive
n	ddp	yes	newsmonger	conservative
n	cds	no	lånehajer	inclusive
n	an	no	kvie	inclusive
n	pa	yes	advokater	inclusive
n	cds	no	efter-blow	inclusive
n	cds	no	tyve	inclusive
n	re	no	tyveri	inclusive
n	om	no	lesbisk	inclusive
n	om	no	græsk	inclusive
n	cds	no	pompousness	conservative
n	an	no	fysiognomik	inclusive
n	svp	no	misundelse	inclusive
n	re	no	vaks	inclusive
n	ddp	yes	cretin	inclusive
n	dmc	yes	dissembler	conservative
n	ps	yes	nigra	conservative
n	pr	no	lysbille	inclusive
n	pr	no	kreatur	inclusive
n	cds	no	ballup	inclusive
n	re	no	dato-voldtægt	conservative
n	or	no	pikhoved	conservative
n	svp	no	trencherman	conservative
n	re	no	mafioso	conservative
n	an	no	athene noctua	inclusive
n	ddp	yes	hoftestykke	conservative
n	cds	no	mørketal	inclusive
n	qas	no	forpagter	inclusive
n	pr	no	mandlig escort	conservative
n	qas	no	husmandsbrug	inclusive
n	dmc	yes	delikt	inclusive
n	ddp	yes	lummox	conservative
n	cds	no	mafiosi	conservative
n	svp	no	gourmand	conservative
n	is	yes	fattige	inclusive
n	re	no	booty	inclusive
n	an	no	crocodylia	inclusive
n	cds	no	kaos	inclusive
n	pa	yes	lærestol	inclusive
n	dmc	yes	løgner	inclusive
n	cds	no	gangstere	inclusive
n	re	no	afpresning	conservative
n	rci	yes	churl	conservative
n	dmc	yes	ødeland	inclusive
n	cds	no	hybris	conservative
n	ddp	yes	unwiseness	inclusive
n	cds	no	videnskabstro	inclusive
n	cds	no	forbudt	conservative
n	cds	no	pengeudlånere	inclusive
a	qas	no	middelalderlig	inclusive
n	cds	no	blindgyde	inclusive
n	an	no	så-og-så	conservative
n	dmc	yes	tramp	conservative
n	re	no	bedrager	inclusive
n	dmc	yes	bandit	conservative
n	re	no	cosa nostra	inclusive
n	an	no	fladpande	conservative
n	re	no	eu's terrorliste	inclusive
n	asm	no	ithyphallic	inclusive
n	an	no	grisebasse	inclusive
n	ddp	yes	rumourmonger	conservative
n	cds	no	stupe	conservative
n	pr	no	prostitueret	conservative
a	cds	no	dum	conservative
n	pr	no	alfonseri	conservative
n	svp	no	afsky	inclusive
a	ddp	yes	fordummende	conservative
n	om	no	solomi	inclusive
n	an	no	ilemmet	inclusive
n	ps	yes	mongolske	conservative
n	an	no	diddly-lort	conservative
n	svp	no	niggard	conservative
n	cds	no	kugler op	inclusive
n	cds	no	wc	inclusive
n	qas	no	småting	inclusive
n	an	no	pooch	inclusive
n	dmc	yes	løsgængeri	inclusive
n	an	no	tyr	inclusive
n	an	no	bedbugs	inclusive
n	pr	no	floozy	conservative
n	cds	no	tilskuer	conservative
n	cds	no	prælat	inclusive
n	om	no	pæderasti	inclusive
n	cds	no	cretin	inclusive
n	om	no	crossdress	inclusive
n	pr	no	tamkvæg	inclusive
n	an	no	moderfår	inclusive
n	an	no	hemipteran	inclusive
n	dmc	yes	hobos	conservative
n	om	no	børnelokker	conservative
n	dmc	yes	vagabonder	inclusive
n	an	no	stikmyg	inclusive
n	ddp	yes	pudden-head	conservative
n	cds	no	delictum sui generis	inclusive
n	pa	yes	ansat	inclusive
n	cds	no	husholdningsaffald	conservative
n	dmc	yes	moralske værdier	inclusive
n	re	no	ran	inclusive
n	qas	no	barbariske	conservative
n	an	no	anura	inclusive
a	svp	no	doven	conservative
n	is	yes	nødlidende	inclusive
n	re	no	raper	conservative
n	an	no	hemipteron	inclusive
n	svp	no	ne'er-do-godt	conservative
n	or	no	cuke	inclusive
n	om	no	sodomist	inclusive
n	pr	no	kurtisaner	inclusive
n	ddp	yes	udviklingshæmning	inclusive
n	cds	no	tavshedens sammensværgelse	inclusive
n	ddp	yes	kvaksalvere	conservative
n	ddp	yes	twirp	conservative
n	qas	no	skrotte	inclusive
n	cds	no	scammer	conservative
n	asm	no	betise	conservative
n	ps	yes	krydset	inclusive
n	cds	no	kin-gruppen	inclusive
n	cds	no	lyve	conservative
n	pa	yes	professorater	inclusive
n	pa	yes	akademiker	inclusive
n	ps	yes	negerske	inclusive
n	qas	no	kasterne	inclusive
n	an	no	crocodylian	inclusive
n	cds	no	skifting	inclusive
n	svp	no	eros	inclusive
n	cds	no	bas bleu	inclusive
n	pa	yes	funktionær	inclusive
n	svp	no	dallier	conservative
n	qas	no	friherreinde	inclusive
n	ddp	yes	dunderhead	conservative
n	qas	no	borgerskab	inclusive
n	cds	no	grumbler	conservative
n	ddp	yes	ferociousness	conservative
n	re	no	fredløshed	inclusive
n	om	no	kvindelig imitator	inclusive
n	svp	no	stolthed	inclusive
n	an	no	æsler	inclusive
n	re	no	forbrydelser	inclusive
n	is	yes	stakkels djævel	conservative
n	an	no	frogspawn	inclusive
n	an	no	hovedlus	inclusive
n	an	no	mikrobiel	inclusive
n	cds	no	spøg	inclusive
n	cds	no	jord-og betonarbejder	inclusive
n	cds	no	handling	inclusive
n	om	no	midclavicular linje	inclusive
n	cds	no	strisser	inclusive
n	ddp	yes	fauna	inclusive
n	re	no	økonomisk udnyttelse	inclusive
n	pr	no	noctiluca	inclusive
n	cds	no	hofklikes	inclusive
n	ps	yes	ostgot	inclusive
n	pa	yes	overretssagfører	inclusive
n	qas	no	commoner	inclusive
n	cds	no	usandhed	inclusive
n	cds	no	bøtcher	conservative
n	svp	no	hauteur	conservative
n	qas	no	hytte	inclusive
n	an	no	shoat	inclusive
n	an	no	ålefisk	inclusive
n	cds	no	bandit	conservative
n	cds	no	høj handedness	conservative
n	is	yes	tightwad	conservative
n	cds	no	svulmede hoved	conservative
n	re	no	plagiering	inclusive
a	pa	yes	teoretiske	inclusive
n	re	no	forbryderorganisation	conservative
n	ddp	yes	vide noget	conservative
n	re	no	forbudt	inclusive
n	an	no	sjuske	conservative
n	ddp	yes	dyr	inclusive
n	an	no	skøge	conservative
n	om	no	gay	inclusive
n	om	no	voldtaget	inclusive
n	asm	no	pik	conservative
n	qas	no	baroqueness	inclusive
n	an	no	skævt ansigt	inclusive
n	dmc	yes	rakehell	conservative
n	qas	no	overholdelse af lovgivningen	inclusive
n	an	no	eurypterid	inclusive
n	cds	no	barbarer	conservative
n	qas	no	business leder	inclusive
n	an	no	mikrobielle	inclusive
n	an	no	diddly-squat	conservative
n	om	no	drag queens	inclusive
n	ddp	yes	talebearer	conservative
n	cds	no	procuress	conservative
n	qas	no	veltalenhed	inclusive
n	an	no	agterliget	inclusive
n	cds	no	spillekasino	inclusive
n	cds	no	bellyacher	conservative
a	cds	no	triviel	inclusive
n	cds	no	fascist	conservative
n	asf	no	moderskede	conservative
n	an	no	cimex lectularius	inclusive
n	cds	no	planteforædling	inclusive
n	pa	yes	akademisme	inclusive
n	cds	no	jacking off	conservative
n	ddp	yes	folly	inclusive
n	ps	yes	dimwit	conservative
n	re	no	tyve	inclusive
n	cds	no	kloaknet	inclusive
n	om	no	homofile	inclusive
n	ddp	yes	retardering	inclusive
n	ddp	yes	rumormonger	conservative
n	re	no	terrorisme	inclusive
n	pa	yes	fiskehandler	inclusive
n	an	no	dumme	conservative
n	cds	no	rube	conservative
n	ps	yes	traditionel forædling	inclusive
n	ddp	yes	bonehead	conservative
n	cds	no	reaktionisme	conservative
n	cds	no	dogmatisme	conservative
n	qas	no	almue	inclusive
n	cds	no	betjenten	conservative
n	cds	no	mafia	conservative
n	cds	no	faktor	inclusive
n	an	no	grib	inclusive
n	pr	no	guff	conservative
n	re	no	plagieret	inclusive
n	dmc	yes	homunculus	inclusive
n	dmc	yes	hjemløse	inclusive
a	is	yes	trist	inclusive
n	cds	no	pedanteri	inclusive
n	an	no	marauder	conservative
n	cds	no	alfonser	inclusive
n	re	no	politiets overgreb	inclusive
n	pa	yes	buskrandøje	inclusive
n	cds	no	sammensværgelse af tavshed	inclusive
n	cds	no	jerk-off	conservative
a	is	yes	ulykkelig	inclusive
n	dmc	yes	skurkagtige	conservative
n	ps	yes	strafkort	inclusive
n	pa	yes	bejler	inclusive
a	ddp	yes	sindssyg	inclusive
n	svp	no	luxuria	inclusive
n	cds	no	gadebande	inclusive
n	ddp	yes	udviklingsforstyrrelse	inclusive
n	asm	no	shtup	conservative
n	re	no	terrorangreb	inclusive
n	pa	yes	academe	inclusive
n	asm	no	skifting	inclusive
n	an	no	blattodea	inclusive
n	qas	no	bondemand	inclusive
n	pr	no	hellcat	conservative
n	cds	no	wangler	conservative
n	dmc	yes	moralsk bankerot	inclusive
n	qas	no	industrimand	inclusive
n	an	no	ko	inclusive
n	pa	yes	minister-rådgiver	inclusive
n	or	no	brassica oleracea	inclusive
n	cds	no	ungdomsbander	conservative
n	pa	yes	særlige udsending	inclusive
n	cds	no	snooper	conservative
n	cds	no	vaks	inclusive
n	re	no	voldtægt	inclusive
n	dmc	yes	barbariske	conservative
n	cds	no	uægte	inclusive
n	qas	no	rønne	inclusive
n	an	no	raseri	inclusive
n	re	no	seksuelle overgreb	inclusive
n	svp	no	rendegraver	inclusive
n	an	no	selachimorpha	inclusive
n	cds	no	fjumrehoved	conservative
a	ddf	yes	dårlig	inclusive
n	rci	yes	barbariske	conservative
n	qas	no	besætning	inclusive
n	cds	no	frimurere	inclusive
n	cds	no	snob	conservative
n	pr	no	seksuelle ydelser	conservative
n	pa	yes	skomager	inclusive
a	dmc	yes	snæversynet	conservative
n	cds	no	conventicle	inclusive
n	an	no	escargots	inclusive
n	pr	no	kælling	conservative
n	re	no	grand theft	inclusive
n	cds	no	reaktionær	conservative
n	qas	no	forkludre	inclusive
n	cds	no	splashiness	inclusive
n	pr	no	prostituerede	inclusive
n	cds	no	fortræd-making	conservative
n	ddf	yes	halv-pint	conservative
n	re	no	banditter	inclusive
n	re	no	terrorister	conservative
n	cds	no	Ådsel	inclusive
n	dmc	yes	forbryder	inclusive
n	an	no	dyrerige	inclusive
n	an	no	sjusket person,	conservative
n	cds	no	fascistiske	conservative
n	asf	no	tosse	conservative
n	svp	no	vred	inclusive
a	ddp	yes	blæst	conservative
n	qas	no	skrammel	conservative
n	ddp	yes	dyrerige	inclusive
n	cds	no	pomposity	conservative
n	ddp	yes	dimwit	conservative
n	an	no	midges	inclusive
n	is	yes	svækkelse	inclusive
n	an	no	rentboy	conservative
n	ps	yes	interfertility	inclusive
n	om	no	samme køn	inclusive
n	qas	no	husholdningsaffald	inclusive
n	an	no	køter	inclusive
n	an	no	trækkerdreng	conservative
n	qas	no	hus maler	inclusive
n	an	no	hyaeninae	inclusive
n	cds	no	krydsninger	inclusive
n	or	no	lortehoved	conservative
n	om	no	gay	conservative
n	cds	no	selvretfærdig	conservative
n	cds	no	odds og ender	inclusive
n	an	no	cimicidae	inclusive
n	ps	yes	barbarer	conservative
n	dmc	yes	lingerer	conservative
n	an	no	cootie	inclusive
n	cds	no	scientisme	inclusive
n	re	no	torturbødlen	inclusive
n	om	no	anal sex	inclusive
n	re	no	ærekrænkelse	inclusive
a	cds	no	uintelligent	conservative
a	dmc	yes	snavsede	inclusive
n	cds	no	lokum	inclusive
n	cds	no	brøgger	conservative
n	dmc	yes	dillydallier	conservative
n	an	no	papegøje	inclusive
n	ddp	yes	gossipmonger	conservative
n	pr	no	sankthansorm	inclusive
n	cds	no	uorden	conservative
a	qas	no	middelalderlige	inclusive
n	cds	no	kærlighed barn	inclusive
n	cds	no	codswallop	conservative
n	an	no	bunnies	inclusive
n	cds	no	vrøvl	conservative
n	an	no	bufo	inclusive
n	cds	no	penge udlån	inclusive
n	cds	no	farrago	inclusive
n	re	no	kriminel	conservative
n	or	no	agurk	inclusive
n	cds	no	konventikler	inclusive
n	cds	no	ran	inclusive
n	ps	yes	mosaisk	inclusive
n	asm	no	retard	inclusive
n	ddp	yes	nonsens	conservative
n	an	no	gåsegrib	inclusive
n	cds	no	panser	conservative
n	an	no	hane	inclusive
n	ddp	yes	twaddler	conservative
n	asm	no	maron	inclusive
a	dmc	yes	ond	conservative
n	cds	no	skolelærer	inclusive
n	dmc	yes	dårligt menneske	conservative
n	asm	no	pipfugl	inclusive
n	dmc	yes	halv-pint	conservative
n	svp	no	selv-kærlighed	conservative
n	an	no	han-ged	inclusive
n	cds	no	banditter	conservative
n	pa	yes	medarbejder	inclusive
n	asm	no	fuglefauna	inclusive
n	cds	no	jokester	inclusive
n	svp	no	goof-off	conservative
n	pr	no	moll	inclusive
a	pa	yes	teoretisk	inclusive
n	pr	no	hofmand	inclusive
n	qas	no	churl	conservative
n	asm	no	hestebønne	inclusive
n	ps	yes	mestizo	conservative
n	cds	no	offentlig bekvemmelighed	inclusive
a	om	no	forskellige	inclusive
n	cds	no	levn	inclusive
a	svp	no	liderlig	conservative
n	asm	no	brun	inclusive
n	re	no	fredløs	inclusive
n	pr	no	bawd	conservative
n	an	no	prostitueret	conservative
n	svp	no	sluggard	conservative
n	cds	no	hurtigt et	inclusive
n	cds	no	alfonser	conservative
n	asf	no	skifting	conservative
n	svp	no	gourmand	inclusive
n	cds	no	blabbermouth	conservative
n	re	no	scammer	inclusive
n	cds	no	chiseler	inclusive
n	cds	no	lærerinde	inclusive
n	an	no	dumrian	conservative
n	cds	no	moneylending	inclusive
n	asf	no	bonehead	conservative
n	qas	no	klodrian	conservative
n	an	no	body-snatching	inclusive
n	asm	no	nincompoop	conservative
n	an	no	riffraff	conservative
n	pa	yes	jesuit	inclusive
n	ps	yes	roma	inclusive
n	cds	no	snæversynethed	conservative
n	cds	no	sub-klan	inclusive
n	cds	no	ballader	inclusive
n	cds	no	jord	inclusive
n	cds	no	svin	conservative
n	pr	no	vandrerotte	inclusive
n	om	no	transvestitter	inclusive
n	cds	no	rufferi	conservative
n	an	no	tamkvæg	inclusive
n	cds	no	småting	inclusive
n	cds	no	falskhed	conservative
n	cds	no	muss	conservative
n	qas	no	barbar	conservative
n	pa	yes	hyrde	inclusive
n	re	no	mafia	inclusive
n	cds	no	fibber	conservative
n	an	no	crocodylomorpha	inclusive
n	dmc	yes	bajads	inclusive
n	ps	yes	planteavler	inclusive
n	cds	no	groveler	conservative
n	cds	no	grunge	inclusive
a	ddp	yes	stand	inclusive
a	svp	no	aggressiv	conservative
n	ddp	yes	kvaksalveri	conservative
n	cds	no	prankishness	inclusive
a	svp	no	opfarende	conservative
n	pr	no	okserne	inclusive
n	cds	no	artshybrid	inclusive
n	cds	no	den store uvaskede	inclusive
n	pa	yes	professor	inclusive
n	ddp	yes	motherfucker	conservative
n	cds	no	nymfoman	conservative
n	an	no	mosquitos	inclusive
n	an	no	polt	inclusive
n	asm	no	dolk	conservative
n	cds	no	officer	conservative
n	cds	no	horehus	inclusive
n	an	no	pediculus corporis	inclusive
n	ddp	yes	dårskab	inclusive
n	an	no	mulus	inclusive
n	ps	yes	hebraism	inclusive
n	cds	no	masserne	inclusive
n	an	no	barnepige-ged	inclusive
n	an	no	ugler	inclusive
n	cds	no	selvtilfredshed	inclusive
n	pa	yes	arbejdstager	inclusive
n	pa	yes	minister	inclusive
n	asm	no	skvadderhoved	conservative
n	re	no	embedsmisbrug	inclusive
n	pa	yes	dør vagt	inclusive
n	re	no	ulovlige aktiviteter	inclusive
n	an	no	orne	inclusive
n	re	no	skurk	conservative
n	an	no	rappenskralde	conservative
n	is	yes	fattiglem	inclusive
n	dmc	yes	vagabonder	conservative
v	cds	no	købslå	inclusive
n	an	no	cereopsis	inclusive
n	svp	no	lecherousness	inclusive
n	pr	no	bolet	conservative
n	cds	no	finagler	conservative
n	cds	no	nyrige	inclusive
n	ddp	yes	dumme	conservative
n	or	no	agurkeplante	inclusive
n	qas	no	røbe	inclusive
n	om	no	twinks	conservative
n	an	no	ugle-ordenen	inclusive
n	pr	no	skøge	conservative
n	an	no	limacidae	inclusive
n	cds	no	afslørende	conservative
n	qas	no	autoinfection	inclusive
n	asm	no	gren	conservative
n	cds	no	dagdriver	conservative
n	asm	no	falde fyr	conservative
n	dmc	yes	klovne	inclusive
n	cds	no	dermagog	conservative
n	an	no	gedebuk	inclusive
n	an	no	folderol	conservative
n	qas	no	håndværker	inclusive
n	asm	no	diller	inclusive
n	svp	no	invidia	inclusive
n	cds	no	sluggard	conservative
n	an	no	fulvus	inclusive
n	dmc	yes	lowlife	conservative
n	ddp	yes	gawk	conservative
n	cds	no	planteavler	inclusive
n	an	no	metazoa	inclusive
n	pa	yes	advokat	inclusive
n	cds	no	frimurerloge	inclusive
n	ddp	yes	saphead	conservative
n	pa	yes	bedemandsvirksomhed	inclusive
n	cds	no	kriminel	inclusive
n	dmc	yes	slacker	conservative
n	an	no	svækling	conservative
n	an	no	gedemælk	inclusive
n	dmc	yes	barbar	conservative
a	ps	yes	jødiske	inclusive
n	an	no	lowlife	conservative
n	om	no	bugger	inclusive
n	an	no	slowpoke	conservative
n	an	no	hvidhajen	inclusive
n	cds	no	mystifier	conservative
n	om	no	bagdel	inclusive
n	an	no	inkompetente	conservative
n	pa	yes	barbariske	conservative
n	cds	no	scuttlebutt	inclusive
n	an	no	hajer	inclusive
n	an	no	saphead	conservative
n	qas	no	middelklassen	inclusive
n	or	no	spud	inclusive
n	cds	no	windbag	conservative
n	an	no	moo-ko	inclusive
n	re	no	traducer	conservative
n	om	no	transvestitism	inclusive
n	asm	no	hoftestykke	conservative
n	an	no	skvat	conservative
n	cds	no	cosa nostra	conservative
n	asm	no	doofus	conservative
n	cds	no	Åger	conservative
n	cds	no	saphead	conservative
n	an	no	kræ	inclusive
n	cds	no	fascista	inclusive
n	qas	no	baronier	inclusive
a	dmc	yes	umoralsk	conservative
n	ddp	yes	retard	inclusive
n	qas	no	jordbrug	inclusive
n	cds	no	paparazzier	inclusive
n	pa	yes	højesteretssagfører	inclusive
n	pr	no	rappenskralde	conservative
n	an	no	animalcule	inclusive
n	re	no	bagtaler	conservative
n	cds	no	homunculus	inclusive
n	cds	no	bras	conservative
n	cds	no	køter	inclusive
n	ps	yes	romaer	inclusive
n	cds	no	craven	conservative
n	or	no	knucklehead	conservative
n	an	no	nataktive rovfugle	inclusive
n	asm	no	fisk	inclusive
n	ps	yes	krydse	inclusive
n	om	no	analt samleje	inclusive
n	cds	no	melange	inclusive
n	dmc	yes	uheldigt	inclusive
n	dmc	yes	scammer	conservative
n	cds	no	slyboots	conservative
n	cds	no	million	inclusive
n	an	no	tumpe	conservative
a	cds	no	smart	inclusive
n	an	no	pipistrellus	inclusive
n	svp	no	dilly-dallier	conservative
n	cds	no	tosse	conservative
n	svp	no	layabout	conservative
n	re	no	gangstere	inclusive
n	or	no	kusse	conservative
n	ddp	yes	cretin	conservative
n	om	no	analerotik	inclusive
n	re	no	kidnapninger	inclusive
n	asf	no	soft touch	conservative
n	dmc	yes	homunculi	inclusive
n	om	no	fennikel	inclusive
n	cds	no	layabout	conservative
a	dmc	yes	amoralsk	inclusive
n	pr	no	tøjte	conservative
n	cds	no	hulter til turvydom	inclusive
n	an	no	gnier	conservative
n	cds	no	cacography	inclusive
n	re	no	mordere	inclusive
n	ps	yes	metoik	inclusive
n	qas	no	talere	inclusive
n	cds	no	hulter til turvyness	inclusive
n	an	no	vipera	inclusive
n	pa	yes	forskningsprofessor	inclusive
n	pr	no	hoffolk	inclusive
n	or	no	bonehead	conservative
n	ddf	yes	nanus	conservative
n	an	no	hornkvæg	inclusive
n	om	no	homoerotic	inclusive
n	dmc	yes	rube	conservative
n	an	no	tomfool	conservative
n	re	no	sørøveri	inclusive
n	or	no	agurker	inclusive
n	om	no	vilkår for anatomiske placering	inclusive
n	re	no	pirater	inclusive
n	om	no	distale	inclusive
n	an	no	doggy	inclusive
n	cds	no	storloge	inclusive
n	ddp	yes	changelings	inclusive
n	ddp	yes	mor fucker	conservative
n	asf	no	tøs	conservative
n	cds	no	fop	inclusive
n	an	no	kylling	conservative
n	qas	no	besætningen	inclusive
n	an	no	mosquitoe	inclusive
n	an	no	svin	conservative
n	dmc	yes	røver	conservative
n	cds	no	lærer	inclusive
n	cds	no	affald	inclusive
n	an	no	carcharodon	inclusive
n	svp	no	cheapskate	conservative
n	an	no	makrofauna	inclusive
n	qas	no	botch	inclusive
n	cds	no	dastardliness	conservative
n	ddp	yes	sundhed bedrageri	conservative
n	cds	no	løgn	conservative
n	an	no	tæger	inclusive
n	or	no	homophile	conservative
n	cds	no	ulovlige aktiviteter	inclusive
n	ddp	yes	analfabeter	inclusive
n	an	no	diddlysquat	conservative
n	om	no	bag	inclusive
n	cds	no	nøglefærdige	inclusive
n	ddp	yes	muttonhead	conservative
n	cds	no	peon	inclusive
n	an	no	fæhoved	conservative
n	an	no	phthiraptera	inclusive
n	an	no	kreatur	inclusive
n	or	no	kartoffel	inclusive
n	cds	no	kylling	conservative
n	cds	no	sortbensyge	inclusive
n	an	no	hyæner	inclusive
n	svp	no	lustfulness	inclusive
n	cds	no	krydset	inclusive
n	ddp	yes	nonsensicality	conservative
n	an	no	soft touch	conservative
a	cds	no	almindelige	inclusive
n	ddp	yes	bøtcher	conservative
n	cds	no	afgudsdyrkere	inclusive
n	an	no	bøffel	inclusive
n	an	no	flåter	inclusive
n	om	no	glutealregionen	inclusive
n	cds	no	gallimaufry	inclusive
n	cds	no	git	conservative
n	dmc	yes	klodrian	conservative
n	cds	no	croonere	inclusive
n	cds	no	hofnar	inclusive
n	ps	yes	jødisk	inclusive
n	cds	no	crooners	inclusive
n	pr	no	hornkvæg	inclusive
n	qas	no	snylteplante	inclusive
n	cds	no	bastard	inclusive
n	cds	no	nymfomani	inclusive
n	an	no	bluffnummer	conservative
n	cds	no	pedagog	inclusive
n	re	no	stickup	inclusive
n	cds	no	kloak	inclusive
n	cds	no	skrot	conservative
n	is	yes	tatterdemalion	conservative
n	cds	no	nyfødt	inclusive
n	an	no	tryne	inclusive
n	pa	yes	drager	inclusive
n	an	no	metazoans	inclusive
n	cds	no	krydsning	inclusive
a	cds	no	fordummende	conservative
a	dmc	yes	ildelugtende	conservative
n	cds	no	bedragerne	conservative
n	cds	no	slews	inclusive
n	ddf	yes	runt	conservative
n	cds	no	metalaffald	inclusive
n	cds	no	åger	inclusive
n	an	no	frøer	inclusive
n	re	no	røver	inclusive
n	svp	no	pridefulness	inclusive
n	om	no	hale	inclusive
n	svp	no	fråseri	inclusive
n	pa	yes	pleader	inclusive
n	qas	no	retorisk	inclusive
n	an	no	poulet	inclusive
n	cds	no	misdæder	conservative
n	ddp	yes	dumbass	conservative
n	an	no	pillager	inclusive
n	dmc	yes	chawbacon	conservative
n	cds	no	anmassende	conservative
n	svp	no	gourmandizer	conservative
n	svp	no	selvbevidsthed	inclusive
n	re	no	drab	inclusive
n	qas	no	parasitiske	inclusive
n	ps	yes	jerry	conservative
n	qas	no	testiklerne	inclusive
n	an	no	pipistrelle	inclusive
n	pr	no	leje drenge	conservative
n	dmc	yes	hick	conservative
n	asf	no	intimbehåring	inclusive
n	ddp	yes	charlatan	conservative
n	ddp	yes	oligofreni	inclusive
n	asm	no	hård-on	inclusive
n	asm	no	tissemand	inclusive
n	an	no	anuran	inclusive
n	asm	no	wanker	conservative
n	cds	no	demagogisk	conservative
n	an	no	krokodille	inclusive
n	qas	no	teste	inclusive
n	cds	no	intermediator	inclusive
n	cds	no	informator	inclusive
n	qas	no	husmandssted	inclusive
n	an	no	springpadder	inclusive
n	dmc	yes	nar	inclusive
n	cds	no	satyriasis	conservative
n	cds	no	tricker	conservative
n	cds	no	casino	inclusive
n	cds	no	ingroup	inclusive
n	qas	no	skibsreder	inclusive
n	cds	no	lån sharking	inclusive
n	asm	no	stang	inclusive
n	cds	no	indbrudstyv	inclusive
n	is	yes	skurkagtige	conservative
n	cds	no	forbryderorganisation	conservative
n	cds	no	patsy	conservative
n	ddp	yes	animere være	inclusive
n	asf	no	fjols	conservative
n	dmc	yes	løgn	inclusive
a	svp	no	hævngerrig	conservative
n	cds	no	ungdomskriminel	conservative
n	pr	no	rotte	inclusive
n	qas	no	businessperson	inclusive
n	ddp	yes	forræder	conservative
n	cds	no	alfons	inclusive
n	ps	yes	metic	inclusive
n	ddp	yes	betise	conservative
n	an	no	sjakal	inclusive
n	dmc	yes	stank	conservative
n	cds	no	onanere	conservative
n	re	no	røverier	inclusive
n	ddp	yes	doofus	conservative
n	cds	no	nymphomania	conservative
n	cds	no	bloopers	inclusive
n	an	no	kaiman	inclusive
n	svp	no	ubehagelige	inclusive
n	qas	no	borgerpige	inclusive
n	re	no	kidnaper	inclusive
n	ddp	yes	hooey	inclusive
n	pr	no	bos taurus	inclusive
n	pr	no	møl	inclusive
n	re	no	usa's terrorliste	inclusive
n	dmc	yes	bums	inclusive
n	qas	no	følgesvende	inclusive
n	ddp	yes	mikroencephali	inclusive
n	an	no	gede-antilope	inclusive
n	an	no	hunde	inclusive
n	cds	no	narkoman	conservative
n	re	no	misbrugt	inclusive
n	cds	no	strejkebryder	inclusive
n	re	no	misdæder	inclusive
n	cds	no	hoi polloi	inclusive
n	cds	no	rod	conservative
n	dmc	yes	dagdriver	conservative
n	pa	yes	juridisk rådgiver	inclusive
n	ddp	yes	debil person	inclusive
n	an	no	slange i græsset	conservative
n	cds	no	moralisme	inclusive
n	om	no	dame	inclusive
a	ps	yes	sorte	inclusive
n	cds	no	sjusket person,	conservative
n	om	no	cross dressing	inclusive
n	asf	no	kussehår	inclusive
n	cds	no	ultrakonservativ	conservative
n	om	no	transvestisme	inclusive
n	an	no	mikroorganismer	inclusive
n	pa	yes	akademisk	inclusive
n	or	no	faggot	conservative
n	cds	no	chawbacon	conservative
n	dmc	yes	højforræderi	conservative
v	an	no	bjæffe	inclusive
n	om	no	lady	inclusive
n	re	no	tortureret	inclusive
n	ps	yes	jødedommen	inclusive
n	om	no	peeress	inclusive
n	cds	no	ypperstepræst	inclusive
n	om	no	lebbe	inclusive
n	cds	no	pralhals	conservative
n	cds	no	bagnio	inclusive
n	ddp	yes	klodrian	conservative
n	cds	no	grime	inclusive
n	ddp	yes	idiot	conservative
n	an	no	kakerlak	inclusive
n	ddf	yes	fysisk udfordret	inclusive
n	om	no	æsel	inclusive
n	ddp	yes	garden follies	inclusive
n	ddp	yes	mental mangel	inclusive
n	cds	no	husspildevand	inclusive
n	cds	no	shylock	conservative
n	dmc	yes	libertiner	conservative
n	re	no	røvere	inclusive
n	pa	yes	hyrder	inclusive
n	qas	no	blanding	inclusive
n	an	no	fortalelse	inclusive
n	cds	no	idiot	inclusive
n	cds	no	lånehajer	conservative
n	cds	no	skurkagtige	conservative
a	dmc	yes	grusom	conservative
n	cds	no	mordvarg	inclusive
n	re	no	ndrangheta	inclusive
n	an	no	gribbe	inclusive
n	or	no	punctiliousness	inclusive
n	svp	no	angriness	inclusive
n	an	no	luder	conservative
n	is	yes	fattigdom	inclusive
n	dmc	yes	gangster	inclusive
n	ps	yes	krydsning	inclusive
n	ddp	yes	soft touch	conservative
n	an	no	animere være	inclusive
n	cds	no	hjord	inclusive
n	an	no	dunderhead	conservative
n	an	no	gede-antiloper	inclusive
n	an	no	siphonaptera	inclusive
a	dmc	yes	ugidelig	conservative
n	asf	no	vaginal	conservative
n	an	no	hoax	conservative
n	pa	yes	boor	conservative
n	svp	no	niggardness	conservative
n	ddp	yes	væsen	inclusive
n	cds	no	chiseler	conservative
n	cds	no	egghead	inclusive
n	cds	no	tribesman	inclusive
n	cds	no	mafiaen	inclusive
n	cds	no	konspirationstænkning	inclusive
n	ddp	yes	bestialitet	conservative
n	an	no	tæve	inclusive
n	cds	no	hellion	conservative
n	re	no	raptio	inclusive
n	svp	no	passivitet	inclusive
n	rci	yes	bonde	inclusive
n	pr	no	bolet	inclusive
n	cds	no	slacker	conservative
n	asm	no	debil person	inclusive
n	dmc	yes	stakkels djævel	inclusive
n	ps	yes	negerinde	inclusive
n	dmc	yes	gangstere	inclusive
n	asm	no	fladpande	conservative
n	cds	no	storlogen	inclusive
n	cds	no	amateurishness	conservative
n	re	no	terrorhandling	conservative
n	dmc	yes	mope	conservative
n	qas	no	skur	inclusive
n	re	no	plyndring	inclusive
n	asf	no	tåbe	conservative
v	re	no	stjæle	inclusive
n	asm	no	skruning	conservative
n	ps	yes	latino	inclusive
n	asm	no	forhuden	inclusive
a	is	yes	ynkelig	conservative
n	cds	no	ostentatiousness	conservative
a	om	no	unormal	inclusive
n	dmc	yes	slackers	conservative
n	pr	no	prostitueret	inclusive
n	re	no	terrorister	inclusive
n	svp	no	nærig	inclusive
n	cds	no	slægtninge	inclusive
n	pr	no	konkubine	inclusive
n	an	no	numskull	conservative
n	cds	no	bander	inclusive
n	qas	no	gallimaufry	inclusive
n	cds	no	churl	conservative
n	cds	no	religiousism	inclusive
n	an	no	muttonhead	conservative
n	qas	no	middelklasse	inclusive
n	pa	yes	professortitelen	inclusive
n	ddp	yes	drønnert	conservative
n	dmc	yes	handling	inclusive
n	asf	no	tomfool	conservative
n	asm	no	tomfool	conservative
n	ddp	yes	retard	conservative
n	asm	no	fjols	conservative
n	re	no	forbryder	inclusive
n	an	no	okse	inclusive
n	asm	no	europa bønne	inclusive
n	om	no	anal penetration	inclusive
n	cds	no	hovedrolle	inclusive
n	asm	no	kneppe	conservative
n	cds	no	ådsel	inclusive
n	is	yes	lav indkomst	inclusive
n	re	no	voldtog	conservative
n	ddp	yes	animalsk	inclusive
n	an	no	guldsjakal	inclusive
n	asm	no	rødbrun	inclusive
n	re	no	misbrug	inclusive
n	an	no	epifauna	inclusive
n	an	no	hav skorpion	inclusive
a	ddp	yes	latterlig	conservative
n	cds	no	skruebrækker	inclusive
n	an	no	nederdel chaser	conservative
n	an	no	møl	inclusive
n	cds	no	hypersexual	conservative
n	ddp	yes	analphabet	inclusive
n	asm	no	dumhed	conservative
n	svp	no	frådseri	inclusive
n	asf	no	doofus	conservative
n	re	no	pengeafpresning	conservative
n	cds	no	gangster	inclusive
n	dmc	yes	dallier	conservative
n	an	no	mikrober	inclusive
n	dmc	yes	hykler	conservative
n	cds	no	matchmaker	inclusive
n	an	no	gosling	inclusive
n	pr	no	kvægrace	inclusive
n	cds	no	pudden-head	conservative
n	ddf	yes	bevægelseshandicap	inclusive
n	re	no	bytte	inclusive
n	or	no	pomme de terre	inclusive
n	cds	no	tørrestativ	inclusive
n	cds	no	japanske måleenheder	inclusive
n	cds	no	rufferske	conservative
n	ps	yes	nigger	conservative
n	ddp	yes	zooerasty	conservative
n	cds	no	paparazzofotograf	inclusive
n	ddp	yes	amentia	inclusive
n	ps	yes	inkiness	inclusive
n	asm	no	prik	conservative
n	an	no	vamp	conservative
n	an	no	skurkagtige	conservative
n	cds	no	amatør	inclusive
n	pr	no	strumpet	conservative
n	ddp	yes	animalia	inclusive
n	qas	no	vrøvl	inclusive
n	ps	yes	falde fyr	conservative
n	cds	no	kinfolk	inclusive
n	re	no	magt	inclusive
n	pa	yes	akademia	inclusive
n	asm	no	fava	inclusive
n	an	no	svindelnumre	conservative
n	cds	no	jalopy	inclusive
n	cds	no	cur	inclusive
n	qas	no	velformuleret	inclusive
n	cds	no	stakkels djævel	conservative
n	svp	no	gnier	inclusive
n	cds	no	ordenshåndhæver	conservative
n	qas	no	borgerlige	inclusive
n	cds	no	domkirkepræsten	inclusive
n	cds	no	drivert	conservative
n	om	no	misbrugt	inclusive
n	svp	no	cupidity	inclusive
n	an	no	hugorm	inclusive
n	an	no	ragtag	conservative
n	an	no	lysbille	inclusive
n	cds	no	narcissisme	inclusive
n	asm	no	skvat	conservative
n	rci	yes	barbarer	conservative
n	cds	no	metalaffald	conservative
n	cds	no	løgner	inclusive
n	dmc	yes	etiske motiv	inclusive
n	an	no	svindelnummer	conservative
n	qas	no	dauber	conservative
n	an	no	øg	inclusive
n	ddp	yes	tattletale	conservative
n	cds	no	politimand	conservative
n	om	no	shirtlifter	inclusive
n	qas	no	barok	inclusive
n	an	no	knortegæs	inclusive
n	ps	yes	morian	inclusive
n	an	no	bonehead	conservative
n	cds	no	betjenten	inclusive
n	dmc	yes	trickster	conservative
n	ps	yes	hvid	inclusive
n	an	no	escargot	inclusive
n	cds	no	crooner	inclusive
n	cds	no	bandevold	inclusive
n	cds	no	complainer	conservative
n	om	no	keister	inclusive
n	is	yes	joakim	conservative
n	an	no	krop snatcher	inclusive
n	or	no	tater	inclusive
n	ddp	yes	fjollet	conservative
n	ddp	yes	epifaunal	inclusive
n	cds	no	listighed	conservative
n	ps	yes	patsy	conservative
n	re	no	mishandling	inclusive
n	an	no	kæft	inclusive
n	cds	no	håndlangere	conservative
n	is	yes	fattig	inclusive
n	an	no	slyngelstater	conservative
a	pa	yes	politiske	inclusive
n	asf	no	knucklehead	conservative
n	cds	no	masserne	conservative
n	qas	no	omnium-gatherum	inclusive
n	cds	no	mængde	inclusive
n	re	no	camorraen	inclusive
n	asf	no	fisse	conservative
n	pr	no	skøge	inclusive
n	ddp	yes	tumpe	conservative
n	an	no	kanin	inclusive
n	dmc	yes	lovløs	conservative
n	pa	yes	controller	inclusive
n	cds	no	kloakering	inclusive
n	dmc	yes	forbudt	inclusive
n	cds	no	nursling	inclusive
n	ddp	yes	regnum animale	inclusive
n	pa	yes	barbarer	conservative
n	cds	no	ågerkarl	conservative
n	qas	no	sognebarn	inclusive
n	qas	no	boo-boo	inclusive
n	pr	no	doxy	inclusive
n	an	no	dyr	inclusive
n	dmc	yes	gadabout	inclusive
n	an	no	ulk	inclusive
n	dmc	yes	moralske kompas	inclusive
n	dmc	yes	moralske fallit	inclusive
n	pa	yes	fakultet	inclusive
n	ps	yes	jigaboo	conservative
n	asm	no	peniserektion	inclusive
n	ps	yes	drønnert	conservative
n	cds	no	grifter	inclusive
n	cds	no	bangebuks	conservative
n	or	no	solanum tuberosum	inclusive
n	an	no	glasål	inclusive
n	dmc	yes	moralkodeks	inclusive
n	an	no	galskab	inclusive
a	ps	yes	jødisk	inclusive
v	asm	no	bolle	conservative
n	ddp	yes	mikroencefali	inclusive
n	asm	no	ært plante	inclusive
n	or	no	omhu	inclusive
n	cds	no	synder	conservative
n	cds	no	bandemedlem	inclusive
n	cds	no	flok	inclusive
n	an	no	street pige	conservative
n	an	no	fribytter	inclusive
n	cds	no	rogue	conservative
n	re	no	calunnia	inclusive
n	cds	no	desperado	inclusive
n	dmc	yes	git	inclusive
n	an	no	pattegris	inclusive
n	qas	no	sogn	inclusive
n	asm	no	muggins	conservative
n	cds	no	clann	inclusive
n	an	no	stud	inclusive
n	cds	no	mafiaboss	inclusive
n	cds	no	conventicles	inclusive
n	asm	no	hanekylling	inclusive
n	cds	no	skolelærerinde	inclusive
n	ps	yes	planteforædling	inclusive
n	re	no	drive-by shooting	inclusive
n	or	no	muttonhead	conservative
n	re	no	rogue	conservative
n	cds	no	forbryderorganisation	inclusive
n	cds	no	underviser	inclusive
n	an	no	kvægrace	inclusive
n	an	no	væsen	inclusive
n	is	yes	skurk	conservative
n	qas	no	forladt skib	inclusive
n	cds	no	rumourmonger	conservative
n	cds	no	amour propre	conservative
n	dmc	yes	rotter	conservative
n	ddp	yes	fjumrehoved	conservative
n	qas	no	freeloader	conservative
n	pa	yes	bogholderske	inclusive
n	cds	no	foul-up	inclusive
n	ps	yes	fjols	conservative
n	ddp	yes	dupe	conservative
n	cds	no	fejhed	conservative
n	dmc	yes	fabrikator	conservative
n	svp	no	dødssynd	inclusive
n	an	no	kakkerlakker	inclusive
n	cds	no	wisenheimer	conservative
n	re	no	dræber	inclusive
n	pr	no	kantsten crawling	conservative
n	cds	no	forfølger	conservative
n	pr	no	alfonseri	inclusive
n	cds	no	knibe	inclusive
n	an	no	fråser	conservative
n	cds	no	splashiness	conservative
n	asm	no	penis	inclusive
n	asm	no	fugl	inclusive
n	re	no	afpresse	inclusive
n	cds	no	aflivning	conservative
n	re	no	kriminelle	inclusive
n	cds	no	laddie	inclusive
n	cds	no	besætning	inclusive
n	svp	no	raseri	conservative
n	ps	yes	uprooter	conservative
n	ddp	yes	ragtag	conservative
n	re	no	bidskhed	inclusive
n	ps	yes	negroid	inclusive
n	cds	no	truckler	conservative
n	cds	no	relikvier	inclusive
n	qas	no	bourgeoisi	inclusive
n	ddp	yes	debil person	conservative
a	svp	no	ugidelig	conservative
n	an	no	noctiluca	inclusive
n	pa	yes	ekspeditrice	inclusive
a	ddf	yes	lam	inclusive
n	an	no	okserne	inclusive
n	cds	no	nyfødte	inclusive
n	dmc	yes	narrestreger	inclusive
n	cds	no	runt	conservative
n	an	no	codswallop	conservative
n	ps	yes	plantebioteknologi	inclusive
n	pr	no	kvie	inclusive
n	pa	yes	jurist	inclusive
n	ddp	yes	retarderet	inclusive
n	cds	no	klike	inclusive
n	an	no	knortegås	inclusive
n	cds	no	dumme	conservative
n	pa	yes	fiskehandlere	inclusive
n	dmc	yes	mordvarg	inclusive
n	om	no	ende	inclusive
n	asf	no	kønshår	inclusive
n	ps	yes	bedouin	inclusive
n	cds	no	blackballing	inclusive
n	an	no	grossness	conservative
n	ddp	yes	blabbermouth	conservative
n	svp	no	no-konto	conservative
n	qas	no	testis	inclusive
n	qas	no	falskhed	conservative
n	pr	no	elskerinde	conservative
n	ddp	yes	fanger	inclusive
n	cds	no	problem	conservative
n	cds	no	bordello	inclusive
n	cds	no	complacence	inclusive
n	is	yes	gnier	conservative
n	re	no	forbryderorganisation	inclusive
n	ddp	yes	tilbageståenhed	inclusive
n	cds	no	håndlanger	conservative
n	an	no	kim	inclusive
n	cds	no	loanshark	conservative
n	dmc	yes	hyklerisk	conservative
n	or	no	græskar	inclusive
n	svp	no	slacker	conservative
v	asm	no	kneppe	conservative
n	cds	no	paparazzifotograf	inclusive
n	cds	no	fladpande	conservative
n	an	no	krikke	inclusive
n	cds	no	hierarch	inclusive
n	cds	no	alfonseri	conservative
n	cds	no	loansharking	conservative
n	om	no	drag queen	inclusive
n	cds	no	falskheden	inclusive
n	asm	no	rejsning	inclusive
n	cds	no	mæglere	inclusive
a	pa	yes	politisk	inclusive
n	cds	no	propagandist	inclusive
n	ddp	yes	makrofauna	inclusive
n	an	no	svin	inclusive
n	qas	no	lyve	conservative
n	dmc	yes	vagabund	inclusive
n	re	no	terrorisme	conservative
n	qas	no	forretningsmænd	inclusive
n	ddp	yes	inkompetente	conservative
n	cds	no	lærere	inclusive
n	re	no	terrorist	inclusive
n	svp	no	gør ingenting	conservative
n	re	no	grifter	inclusive
n	cds	no	babyer	inclusive
n	cds	no	omerta	inclusive
n	asf	no	skridtet hår	inclusive
n	an	no	rødfisk	inclusive
n	qas	no	præstegæld	inclusive
n	asm	no	pik	inclusive
n	qas	no	barbarer	conservative
n	om	no	buggery	inclusive
n	cds	no	parvenu	inclusive
n	om	no	homoseksualitet	inclusive
n	cds	no	politibetjent	inclusive
n	qas	no	retorik	inclusive
n	cds	no	pillock	conservative
n	asm	no	tåbe	inclusive
a	qas	no	patetisk	conservative
n	re	no	traducement	inclusive
n	cds	no	forkludre	inclusive
n	cds	no	bandit	inclusive
n	cds	no	løgn	inclusive
n	an	no	slob	conservative
n	an	no	mikrobe	inclusive
n	ps	yes	vagabond	inclusive
n	ddp	yes	boor	conservative
n	dmc	yes	no-konto	conservative
n	pr	no	rentboy	conservative
n	cds	no	konform	conservative
n	an	no	ballon swallower	inclusive
n	ps	yes	debil person	conservative
n	dmc	yes	bedragerne	conservative
n	dmc	yes	tramps	conservative
n	cds	no	gossiper	conservative
n	asm	no	dum	conservative
n	re	no	terrorhandling	inclusive
n	ps	yes	fascistiske	inclusive
n	ddp	yes	prattler	inclusive
n	ddp	yes	dumhed	conservative
n	re	no	terrororganisation	inclusive
n	qas	no	ballast	inclusive
n	cds	no	changelings	inclusive
n	cds	no	paltrows	conservative
n	cds	no	pomposity	inclusive
a	ddp	yes	uintelligent	conservative
n	om	no	aboral	inclusive
n	qas	no	fælles person	inclusive
n	om	no	tooshie	inclusive
n	qas	no	præstekald	inclusive
n	an	no	coquette	conservative
n	cds	no	procuress	inclusive
n	cds	no	slutteren	inclusive
n	or	no	homoseksuel	conservative
n	cds	no	delikt	inclusive
n	cds	no	overmod	conservative
n	asf	no	fjumrehoved	conservative
n	ddp	yes	angiver	conservative
n	ps	yes	vandalerne	inclusive
n	an	no	ferskvandsål	inclusive
n	om	no	pederastic	inclusive
n	qas	no	virksomhed ejer	inclusive
n	pr	no	concubinage	inclusive
n	dmc	yes	apostat	conservative
n	cds	no	bumbler	conservative
n	om	no	tush	inclusive
n	cds	no	uforskammethed	conservative
n	cds	no	backtalk	inclusive
a	svp	no	sur	inclusive
n	qas	no	nosser	inclusive
n	re	no	terrorangreb	conservative
n	asm	no	ficken	conservative
n	an	no	buffalo	inclusive
n	cds	no	bydreng	inclusive
n	ps	yes	hispanic	inclusive
n	ps	yes	changelings	conservative
n	an	no	rotter	conservative
n	rci	yes	boor	conservative
n	qas	no	industrifolk	inclusive
n	cds	no	swaggerer	conservative
n	cds	no	overfladiskhed	inclusive
n	ps	yes	negre	inclusive
n	asf	no	retard	conservative
a	re	no	voldelig	inclusive
n	an	no	falde fyr	conservative
n	cds	no	nynne	inclusive
n	cds	no	hjælpelærer	inclusive
n	qas	no	pastorat	inclusive
n	ps	yes	artshybrid	inclusive
n	an	no	hoftestykke	conservative
n	dmc	yes	wastrel	conservative
n	cds	no	dime romaner	inclusive
n	cds	no	dandies	inclusive
n	cds	no	gør ingenting	conservative
n	re	no	piratkopiering	inclusive
a	om	no	abnorm	inclusive
n	qas	no	vingårdsmanden	inclusive
n	an	no	mulæsel	inclusive
n	pr	no	bole	inclusive
n	qas	no	nosse	inclusive
n	asm	no	cretin	inclusive
n	pa	yes	forsvarsadvokat	inclusive
n	re	no	calumniation	inclusive
n	cds	no	religiøs diskrimination	inclusive
n	pr	no	hore	conservative
n	dmc	yes	fredløshed	inclusive
n	qas	no	sciolist	conservative
n	asm	no	twirp	conservative
n	is	yes	fattiglemmer	inclusive
n	or	no	have-kål	inclusive
n	cds	no	boor	conservative
n	svp	no	rendegraver	conservative
n	re	no	vilifier	conservative
n	svp	no	taṇhā	inclusive
n	om	no	plantar	inclusive
n	ps	yes	jøderne	inclusive
n	dmc	yes	chiseler	conservative
n	cds	no	dum	conservative
n	an	no	galt	inclusive
n	cds	no	vogntog	inclusive
n	svp	no	drivert	conservative
n	qas	no	bønder	inclusive
n	ddp	yes	skvat	conservative
n	an	no	æsel	inclusive
n	re	no	usa's terrorliste	conservative
n	re	no	afpresset	conservative
n	an	no	grise	inclusive
n	cds	no	klan	inclusive
n	dmc	yes	prevaricator	inclusive
n	qas	no	bras	inclusive
n	pr	no	hetære	inclusive
n	or	no	nance	conservative
n	cds	no	bandevold	conservative
n	cds	no	flåder	inclusive
n	asm	no	klunker	inclusive
n	pr	no	fornicatress	conservative
n	asf	no	idiot	conservative
n	an	no	igle	inclusive
n	ddp	yes	dum	conservative
n	an	no	springpadde	inclusive
n	ddp	yes	barbarer	conservative
n	cds	no	fundamentalism	inclusive
n	cds	no	soft touch	conservative
n	an	no	Ålelarve	inclusive
n	om	no	crossdresser	inclusive
n	cds	no	tilbage snakke	inclusive
n	om	no	sodomi	inclusive
n	an	no	shote	inclusive
n	an	no	mikroorganisme	inclusive
n	pa	yes	professortitel	inclusive
n	dmc	yes	bumpkin	conservative
n	asm	no	almindelig Ært	inclusive
a	ps	yes	kinesiske	inclusive
n	dmc	yes	hofnar	inclusive
n	cds	no	kragetæer	inclusive
n	dmc	yes	roue	conservative
n	an	no	betise	conservative
n	om	no	twink	conservative
n	dmc	yes	goof-off	conservative
n	svp	no	ørkesløshed	conservative
n	cds	no	ndrangheta	inclusive
n	cds	no	nørdet	conservative
n	re	no	forulempet	inclusive
n	qas	no	ballademager	conservative
n	cds	no	slægt	inclusive
a	dmc	yes	beskidte	inclusive
n	cds	no	fundamentalisme	inclusive
n	qas	no	baronial	inclusive
n	re	no	bagvaskelse	inclusive
n	cds	no	snavs	inclusive
v	cds	no	dø	inclusive
n	cds	no	panser	inclusive
n	an	no	haj	inclusive
a	qas	no	sædvanlige	inclusive
n	ps	yes	hybrid	inclusive
n	pr	no	prostitutionen	inclusive
n	an	no	ged	inclusive
n	re	no	voldsomhed	inclusive
n	svp	no	nærighed	conservative
n	ddp	yes	fange	inclusive
n	cds	no	fængselsbetjent	inclusive
n	an	no	stikmyggelarve	inclusive
n	qas	no	ektoparasitter	inclusive
n	asm	no	jacking off	conservative
n	an	no	får	inclusive
n	ddp	yes	Åndssvaghed	inclusive
n	asf	no	dumbass	conservative
n	ps	yes	sorte	inclusive
n	an	no	idiot	conservative
n	ddp	yes	falde fyr	conservative
n	ddp	yes	dyreverdenen	inclusive
n	re	no	chiseller	inclusive
n	cds	no	hybris	inclusive
n	cds	no	villainess	conservative
n	ddp	yes	vrøvl	conservative
n	qas	no	afvise	conservative
n	ps	yes	darkie	conservative
n	an	no	fæ	inclusive
n	om	no	paederasty	inclusive
n	cds	no	forbrydere	inclusive
n	dmc	yes	anstændighed	inclusive
n	ps	yes	krauthead	conservative
n	an	no	namby-pamby	conservative
n	an	no	rynke panden	inclusive
n	an	no	minx	conservative
n	svp	no	fedtsyl	inclusive
n	ps	yes	bulgarere	inclusive
n	ps	yes	mongoloids	conservative
n	cds	no	stammesamfund	inclusive
n	cds	no	tyveri	inclusive
n	qas	no	troubler	conservative
n	ddp	yes	røvhul	conservative
n	rci	yes	barbar	conservative
n	cds	no	intriguer	inclusive
n	svp	no	praleri	conservative
n	ddp	yes	folderol	conservative
n	ddp	yes	udviklingshæmmede	inclusive
n	qas	no	konformist	conservative
n	asf	no	fladpande	conservative
n	ddp	yes	fæhoved	conservative
n	ddp	yes	meningsløse	conservative
n	cds	no	fascister	conservative
n	ddp	yes	mikrocefali	inclusive
n	an	no	humanus	inclusive
n	an	no	padde	inclusive
n	cds	no	mellemmand	inclusive
n	qas	no	granger	inclusive
n	pa	yes	wagoner	inclusive
n	pr	no	holdt kvinde	conservative
n	ddp	yes	changelings	conservative
n	ddp	yes	evnesvag	inclusive
n	re	no	kidnapning	inclusive
n	ps	yes	beduin	inclusive
n	ps	yes	churl	conservative
n	cds	no	huslærerinde	inclusive
n	cds	no	bordeller	inclusive
n	cds	no	muggins	conservative
n	ddp	yes	ondskab	conservative
v	is	yes	tigge	inclusive
n	ddf	yes	mandsling	conservative
n	asf	no	lortehoved	conservative
n	qas	no	tycoon	inclusive
n	cds	no	schoolmistress	conservative
n	cds	no	groveller	conservative
n	dmc	yes	blunderer	conservative
n	an	no	faunaliste	inclusive
n	asf	no	vagina	conservative
n	asf	no	hoftestykke	conservative
n	dmc	yes	bondeknold	conservative
a	ps	yes	sort	inclusive
n	qas	no	pøbelen	inclusive
n	ddp	yes	pikhoved	conservative
n	cds	no	klemme	inclusive
n	an	no	kaniner	inclusive
n	asm	no	fucking	conservative
n	svp	no	slackers	conservative
n	re	no	fangevogter	inclusive
n	cds	no	sloven	conservative
n	an	no	snegle	inclusive
n	or	no	poove	conservative
n	an	no	hog	inclusive
n	ddp	yes	fjols	conservative
n	re	no	dårligt usage	inclusive
n	dmc	yes	løgnerske	inclusive
n	an	no	rogue	conservative
n	re	no	æreskrænkelse	conservative
n	pr	no	tøs	conservative
n	ddp	yes	microcephalic	inclusive
n	ps	yes	jøder	inclusive
n	svp	no	tanha	inclusive
n	cds	no	den store uvaskede	conservative
n	cds	no	fredløshed	inclusive
n	qas	no	parasitær	inclusive
n	ps	yes	barbar	conservative
n	re	no	sætte til døden	inclusive
a	an	no	brutal	conservative
n	an	no	insekt	inclusive
n	cds	no	lovbrud	inclusive
n	ps	yes	negerdreng	inclusive
n	an	no	gås	inclusive
n	an	no	stick-in-the-mudder	conservative
n	re	no	røveri	inclusive
n	cds	no	gadebande	conservative
a	ddp	yes	godtroende	conservative
n	an	no	doodly-squat	conservative
n	cds	no	wheeler dealer	conservative
n	asm	no	testikler	inclusive
n	re	no	røver	conservative
n	ddp	yes	fladpande	conservative
n	svp	no	arrogance	conservative
n	qas	no	åndelige leder	inclusive
n	ps	yes	pikey	conservative
n	om	no	cross-dresser	inclusive
n	cds	no	paparazzi	inclusive
n	ps	yes	jødinde	inclusive
n	cds	no	gobs	inclusive
n	or	no	murphy	inclusive
n	an	no	anguilliformes	inclusive
n	asm	no	en	inclusive
n	asm	no	idiot	inclusive
n	om	no	transvestit	inclusive
n	asm	no	saphead	conservative
n	asm	no	nødbremse	inclusive
n	pr	no	mær	conservative
n	re	no	tyv	inclusive
n	an	no	rød tromme	inclusive
n	cds	no	matcher	inclusive
a	asm	no	brun	inclusive
n	dmc	yes	layabout	conservative
n	re	no	voldtægtsmand	conservative
n	ps	yes	lummox	conservative
n	an	no	slowcoach	conservative
n	pr	no	seksuelle ydelser	inclusive
a	qas	no	almindelige	inclusive
n	cds	no	pander	inclusive
n	asf	no	pikhoved	conservative
a	qas	no	ynkelig	conservative
n	svp	no	saligia	inclusive
n	cds	no	narcism	inclusive
n	cds	no	ros	conservative
n	cds	no	sassing	inclusive
n	qas	no	stormænd	inclusive
n	ps	yes	romanis	inclusive
n	cds	no	arriviste	inclusive
n	qas	no	snoop	inclusive
n	asm	no	nosser	inclusive
n	an	no	okser	inclusive
n	re	no	bedrøvelse	inclusive
n	cds	no	alfonseri	inclusive
n	qas	no	dilettant	conservative
n	pa	yes	lønmodtager	inclusive
n	pr	no	løs kvinde	conservative
n	cds	no	korrespondent	inclusive
n	cds	no	vaunter	conservative
n	cds	no	barbariske	conservative
n	ddf	yes	handicappet	inclusive
n	cds	no	tumpe	conservative
n	asf	no	codswallop	conservative
n	cds	no	narcissistisk	inclusive
n	or	no	budding hoved	conservative
n	qas	no	forlegenhed	inclusive
n	om	no	homofil	inclusive
n	asm	no	piphans	inclusive
n	ps	yes	negroide	inclusive
n	dmc	yes	bedrager	conservative
n	ddf	yes	dværg	conservative
n	cds	no	prank	inclusive
n	cds	no	bunke	inclusive
n	pr	no	hor	conservative
n	om	no	bøsse	inclusive
a	cds	no	snu	conservative
n	ps	yes	judaisme	inclusive
n	pr	no	okser	inclusive
n	cds	no	hoi polloi	conservative
n	re	no	røvet	inclusive
n	an	no	dirty trick	conservative
n	cds	no	fadæse	inclusive
n	dmc	yes	falsk	conservative
n	or	no	pillock	conservative
n	cds	no	rufferi	inclusive
n	qas	no	lejer gård	inclusive
n	an	no	papegøjer	inclusive
n	or	no	finocchio	inclusive
n	qas	no	klemme	inclusive
n	an	no	hugormen	inclusive
n	an	no	hirudinean	inclusive
n	ps	yes	nigga	conservative
n	re	no	torturere	inclusive
n	pr	no	comare	conservative
n	cds	no	hus af dårligt omdømme	inclusive
n	ps	yes	skifting	conservative
n	svp	no	galskab	conservative
a	is	yes	uheldig	inclusive
n	asf	no	twat	conservative
n	ddp	yes	skvadderhoved	conservative
n	ps	yes	bulgarer	inclusive
n	ddp	yes	stupe	conservative
n	an	no	git	conservative
n	pr	no	kvinde af gaden	conservative
n	re	no	tortur-enhed	inclusive
n	cds	no	løgner	conservative
n	dmc	yes	hjemløs	inclusive
n	pr	no	prostitution	conservative
n	an	no	gulål	inclusive
n	re	no	terrororganisation	conservative
a	cds	no	dumme	conservative
n	qas	no	parasitize	inclusive
n	svp	no	apati	inclusive
n	re	no	mafiaen	conservative
n	svp	no	acedia	inclusive
n	re	no	vold	inclusive
n	an	no	brent	inclusive
n	dmc	yes	grifter	conservative
n	ps	yes	sigøjner	inclusive
n	re	no	barnemord	inclusive
n	re	no	mord	inclusive
n	cds	no	newsmonger	conservative
n	or	no	tumpe	conservative
n	pr	no	ægteskabsbryder	conservative
n	qas	no	boner	inclusive
n	qas	no	usandhed	conservative
n	qas	no	foul-up	inclusive
n	cds	no	mafioso	conservative
n	pa	yes	fårehyrde	inclusive
v	an	no	rase	conservative
n	om	no	popo	inclusive
n	pr	no	rottehale	inclusive
n	cds	no	idiolatry	inclusive
n	cds	no	læreruddannelsen	inclusive
n	cds	no	grifter	conservative
n	svp	no	vredesfølelse	inclusive
n	qas	no	professionelle klasse	inclusive
n	qas	no	felt hånd	inclusive
n	re	no	økse job	inclusive
n	asm	no	testikel	inclusive
n	cds	no	ågerkarl	inclusive
n	dmc	yes	good-for-nothing	conservative
n	an	no	muggins	conservative
n	qas	no	hundehus	inclusive
n	svp	no	kedsomhed	inclusive
n	svp	no	forfængelighed	conservative
n	ddp	yes	barbariske	conservative
n	qas	no	business mand	inclusive
n	om	no	homofili	inclusive
n	qas	no	snylter	inclusive
n	ddp	yes	dyreliv	inclusive
n	an	no	mand-eater	inclusive
n	ps	yes	mestizer	conservative
n	asm	no	changelings	inclusive
n	ps	yes	ostrogoterne	inclusive
n	pa	yes	bonde	inclusive
n	cds	no	nosy-parker	conservative
n	an	no	diddley	conservative
n	cds	no	affald	conservative
n	asm	no	pisum sativum	inclusive
n	an	no	dyreart	inclusive
n	cds	no	sjuske	conservative
n	cds	no	besætninger	inclusive
n	an	no	bangebuks	conservative
n	cds	no	tamtam	inclusive
n	re	no	felonies	inclusive
n	qas	no	fadæse	inclusive
n	ps	yes	negerpige	inclusive
n	asm	no	ærter	inclusive
n	cds	no	fundamentalistiske	inclusive
n	ddp	yes	moronity	inclusive
n	svp	no	tightwad	conservative
n	dmc	yes	barbarer	conservative
n	pr	no	ko	conservative
n	dmc	yes	villainess	conservative
n	cds	no	pedant	conservative
n	om	no	adelsdame	inclusive
a	cds	no	viselig	inclusive
n	pr	no	tyr	inclusive
n	asf	no	betise	conservative
n	an	no	lytter enhed	inclusive
n	cds	no	strømer	conservative
n	re	no	malversation	inclusive
n	qas	no	freiherr	inclusive
n	cds	no	svindler	inclusive
n	dmc	yes	foetor	conservative
n	pr	no	kantsten crawling	inclusive
a	is	yes	patetisk	conservative
n	dmc	yes	pseudo	conservative
n	qas	no	bumbler	conservative
n	re	no	libeler	conservative
n	pa	yes	stol	inclusive
n	or	no	hvidkål	inclusive
n	qas	no	welter	inclusive
n	re	no	vanrøgt	inclusive
n	an	no	igler	inclusive
n	cds	no	sniveller	conservative
n	cds	no	klynkeren	conservative
n	pa	yes	cand.jur.	inclusive
n	ps	yes	zuluerne	inclusive
n	cds	no	brigandage	inclusive
n	cds	no	skurk	conservative
n	an	no	villainess	conservative
n	or	no	homoseksuelle	conservative
n	cds	no	tyvagtige	inclusive
n	re	no	skurkagtige	conservative
n	re	no	chiseler	inclusive
n	cds	no	oodles	inclusive
n	asm	no	fallas	inclusive
n	dmc	yes	anden-rater	conservative
n	cds	no	paparazzo	inclusive
a	cds	no	harsk	inclusive
n	or	no	kartoflen	inclusive
n	cds	no	kujon	conservative
n	cds	no	tribal	inclusive
n	svp	no	avariciousness	inclusive
n	an	no	epifaunal	inclusive
n	qas	no	bøtcher	conservative
n	cds	no	forfængelighed	conservative
n	an	no	lam	inclusive
n	pr	no	gigolo	conservative
n	an	no	vovse	inclusive
n	cds	no	list	conservative
n	om	no	crossdressing	inclusive
n	ps	yes	mongolske	inclusive
n	om	no	røv	inclusive
n	an	no	hore	conservative
n	re	no	date rape	conservative
n	an	no	kujon	conservative
n	pa	yes	tilsvarende medlem	inclusive
n	asm	no	erektion	inclusive
n	cds	no	bandekriminalitet	inclusive
n	or	no	sativus	inclusive
n	asm	no	fallisk	inclusive
n	an	no	vovhund	inclusive
n	cds	no	sladder	inclusive
n	cds	no	gigolo	inclusive
n	ps	yes	soft touch	conservative
n	re	no	maligner	conservative
n	cds	no	low	inclusive
n	cds	no	fanatisme	inclusive
n	om	no	ipsilaterale	inclusive
n	asf	no	lunkhead	conservative
n	pr	no	ludder	inclusive
a	dmc	yes	falsk	conservative
n	or	no	pommes de terre	inclusive
n	ddp	yes	informant	conservative
n	dmc	yes	uhøflige	conservative
n	cds	no	frie og antagne murere	inclusive
n	qas	no	bloopers	inclusive
n	pa	yes	vejleder-at-law	inclusive
n	asm	no	foul	inclusive
n	pa	yes	porter	inclusive
n	an	no	dværg	conservative
n	an	no	hund	inclusive
n	cds	no	blooper	inclusive
n	an	no	loppe	inclusive
n	cds	no	newspaperwoman	inclusive
n	cds	no	latriner	inclusive
n	re	no	voldtægtsforbryder	conservative
n	cds	no	blande-mangle	inclusive
n	cds	no	strike-breaking	inclusive
n	cds	no	wonk	conservative
a	om	no	homoseksuel	conservative
n	cds	no	ruffer	conservative
n	qas	no	hoppens reden	inclusive
n	cds	no	fanatisk	conservative
n	an	no	ignorant	conservative
n	an	no	bison	inclusive
n	ddf	yes	invaliditet	inclusive
n	an	no	fladlus	inclusive
n	qas	no	taleren	inclusive
n	qas	no	farrago	inclusive
n	ddp	yes	budding hoved	conservative
n	an	no	væggetøj	inclusive
n	an	no	fupnummer	conservative
n	cds	no	hånd job	conservative
n	ps	yes	kraut	conservative
a	is	yes	fattig	inclusive
n	an	no	vulgaritet	conservative
a	ddf	yes	grim	conservative
n	cds	no	autolatry	inclusive
n	re	no	stjæle	inclusive
n	cds	no	rufferske	inclusive
n	cds	no	relikvie	inclusive
n	an	no	mandlig escort	conservative
n	svp	no	ubehagelig	inclusive
n	om	no	analsex	inclusive
n	asm	no	nosse	inclusive
n	an	no	sluggard	conservative
n	cds	no	cosa nostra	inclusive
n	qas	no	ragelse	inclusive
n	cds	no	know-it-all	conservative
n	cds	no	baby	inclusive
n	cds	no	Åger	inclusive
n	an	no	genus capra	inclusive
n	dmc	yes	fråser	conservative
n	an	no	ubønhørlighed	conservative
n	cds	no	afgudsdyrkende	inclusive
n	an	no	pelsfår	inclusive
n	qas	no	konform	inclusive
n	asf	no	fæhoved	conservative
n	cds	no	pedantisk	conservative
n	cds	no	bagage toget	inclusive
n	an	no	sus scrofa	inclusive
n	or	no	kræsenhed	inclusive
n	asf	no	folderol	conservative
n	re	no	ærekrænkende	inclusive
n	ddp	yes	nincompoop	conservative
n	cds	no	tåbe	inclusive
n	qas	no	necrotrophic	inclusive
n	svp	no	høj handedness	conservative
n	ps	yes	krydsninger	inclusive
a	dmc	yes	dårlig	conservative
n	re	no	mordvarg	inclusive
n	cds	no	scammer	inclusive
n	cds	no	zeloter	inclusive
n	an	no	sloven	conservative
n	pa	yes	fiskemand	inclusive
n	cds	no	konspirationsteori	inclusive
n	svp	no	selvretfærdig	conservative
n	cds	no	konventikel	inclusive
n	cds	no	caitiff	conservative
n	dmc	yes	så-og-så	conservative
n	asm	no	redeparasit	inclusive
a	qas	no	sindssyg	conservative
n	pr	no	rivejern	conservative
n	cds	no	sass	inclusive
n	ddp	yes	idiot	inclusive
n	an	no	slug	inclusive
v	asm	no	pule	conservative
n	cds	no	trasformismo	inclusive
n	ps	yes	negrid	inclusive
n	pr	no	moo-ko	inclusive
n	pr	no	kurtisane	inclusive
n	cds	no	clotheshorse	inclusive
n	is	yes	villainess	conservative
n	pa	yes	cordwainer	inclusive
a	ddf	yes	enøjet	inclusive
n	cds	no	cathouse	inclusive
n	cds	no	comfort station	inclusive
n	cds	no	tyv	inclusive
n	an	no	blæksort	conservative
n	om	no	prat	inclusive
n	or	no	twat	conservative
n	an	no	pudge	conservative
n	cds	no	frimurerne	inclusive
n	cds	no	synderen	inclusive
n	ps	yes	negerbørn	inclusive
n	cds	no	duffer	conservative
n	an	no	vide noget	conservative
n	dmc	yes	delictum sui generis	inclusive
n	ddf	yes	crookback	inclusive
n	ps	yes	rødt kort	inclusive
n	ddp	yes	epifauna	inclusive
n	qas	no	virksomhed person	inclusive
n	om	no	cross-kjole	inclusive
n	asf	no	kusse	conservative
n	cds	no	arrogance	conservative
n	om	no	paederast	conservative
n	cds	no	stamme	inclusive
n	cds	no	moneygrubber	inclusive
n	pa	yes	billet agent	inclusive
n	ps	yes	fæ	conservative
n	qas	no	knibe	inclusive
n	cds	no	swot	conservative
n	an	no	viper	inclusive
n	an	no	anguilla	inclusive
n	om	no	pæderast	inclusive
n	dmc	yes	git	conservative
n	om	no	balder	inclusive
n	qas	no	acolyte	inclusive
n	cds	no	konformist	conservative
n	pr	no	sjusket kvinde	conservative
n	cds	no	vaks	conservative
n	re	no	voldtægter	conservative
n	cds	no	cockup	inclusive
n	svp	no	shirker	conservative
n	om	no	damer	inclusive
n	svp	no	livslede	inclusive
n	asf	no	debil person	conservative
n	pa	yes	barbar	conservative
n	ps	yes	metokerne	inclusive
n	qas	no	baron	inclusive
n	pr	no	bole	conservative
n	ddp	yes	mikrocephali	inclusive
n	cds	no	pander	conservative
n	an	no	lus	inclusive
n	cds	no	slackers	conservative
n	an	no	inexorableness	conservative
n	is	yes	udstødt	inclusive
n	cds	no	egoistisk	conservative
n	ddp	yes	prater	conservative
n	ps	yes	negerbarn	inclusive
n	an	no	dyreverdenen	inclusive
n	cds	no	skrotte	conservative
n	pa	yes	fortalere	inclusive
n	qas	no	ragtag	conservative
n	pr	no	konkubin	inclusive
n	ddp	yes	knucklehead	conservative
n	ps	yes	sigøjnere	inclusive
n	cds	no	bander	conservative
n	an	no	bunny	inclusive
a	ddf	yes	blind	inclusive
n	cds	no	misdæder	inclusive
n	ps	yes	beduiner	inclusive
n	or	no	homofile	conservative
n	cds	no	korrespondenter	inclusive
n	cds	no	wanker	conservative
n	dmc	yes	moralistiske	inclusive
n	ddp	yes	metazoa	inclusive
n	asf	no	pigebarn	conservative
n	dmc	yes	scum taske	conservative
n	svp	no	grådighed	inclusive
n	cds	no	tørvetriller	conservative
n	re	no	tortur	inclusive
n	dmc	yes	usandhed	inclusive
n	an	no	maddike	inclusive
n	ddf	yes	krøbling	inclusive
n	cds	no	conceitedness	conservative
n	ddp	yes	faunaliste	inclusive
n	qas	no	parasitter	inclusive
n	cds	no	kasino	inclusive
n	dmc	yes	udstødt	inclusive
n	cds	no	bedragerne	inclusive
n	cds	no	afvise	conservative
n	ps	yes	rommany	inclusive
n	dmc	yes	falskhed	inclusive
n	qas	no	dykning vægtningssystem	inclusive
n	cds	no	reaktionære	conservative
n	asf	no	dimwit	conservative
n	an	no	moue	inclusive
n	asm	no	patsy	conservative
n	ddp	yes	uvidenhed	conservative
n	cds	no	stamtræ	inclusive
n	an	no	megascops	inclusive
n	is	yes	fedtsyl	conservative
n	pa	yes	bellboy	inclusive
n	cds	no	hovmod	conservative
a	ddp	yes	dumt	conservative
n	cds	no	nar	inclusive
n	ps	yes	negride race	inclusive
a	cds	no	snedig	conservative
n	om	no	homoseksuel	inclusive
n	is	yes	paria	inclusive
n	cds	no	superbia	inclusive
a	is	yes	snæversynet	conservative
n	cds	no	blunderer	conservative
n	pa	yes	klodsethed	conservative
n	an	no	scorpionfish	inclusive
n	dmc	yes	shirker	conservative
n	asm	no	dimwit	conservative
n	ddp	yes	tusindkonstner	conservative
n	svp	no	overspisning	inclusive
n	svp	no	lyst	inclusive
n	qas	no	grandiloquence	inclusive
n	dmc	yes	omflakkende	inclusive
n	qas	no	klunker	inclusive
n	cds	no	opskårne	conservative
n	ddp	yes	dyrs reproduktion	inclusive
n	cds	no	fri murer	inclusive
n	dmc	yes	faker	conservative
v	cds	no	grovæde	inclusive
n	ddp	yes	mentalt udfordret	inclusive
n	or	no	dumme	conservative
n	re	no	pine	inclusive
n	asm	no	pterygiophore	inclusive
n	an	no	aflytning	inclusive
n	qas	no	husarbejde	inclusive
n	qas	no	blunderer	conservative
n	pr	no	prostitutionen	conservative
n	qas	no	kaste	inclusive
n	pa	yes	ekspedient	inclusive
n	cds	no	dime roman	inclusive
n	qas	no	barak	inclusive
n	qas	no	blandingen	inclusive
n	dmc	yes	moralistisk	inclusive
n	pa	yes	sheepherders	inclusive
n	cds	no	tjenestemand	conservative
n	cds	no	riffraff	conservative
n	ddp	yes	tomfool	conservative
n	re	no	indbrudstyv	inclusive
n	qas	no	riffraff	conservative
n	or	no	stupe	conservative
n	cds	no	hick	conservative
n	dmc	yes	uheldige person	inclusive
n	asm	no	fallos	inclusive
a	svp	no	aggressiv	inclusive
n	ddp	yes	gossiper	conservative
n	ps	yes	sigøjnerske	inclusive
n	cds	no	mafiaen	conservative
n	pa	yes	bellman	inclusive
n	cds	no	påklædningsrum	inclusive
n	an	no	bed bug	inclusive
n	cds	no	pøbelen	conservative
n	ps	yes	romanifolket	inclusive
n	is	yes	tigger	conservative
n	svp	no	fedtsyl	conservative
n	cds	no	religiøsitet	inclusive
n	ddp	yes	curmudgeon	conservative
n	dmc	yes	vagabond	inclusive
n	cds	no	mafiosi	inclusive
n	pr	no	streetwalker	conservative
n	cds	no	konspirationsteoretikere	inclusive
n	an	no	otus asio	inclusive
n	dmc	yes	fredløs	inclusive
n	qas	no	markedet keeper	inclusive
n	re	no	delikt	inclusive
n	dmc	yes	duffer	conservative
n	or	no	fennikel	inclusive
n	an	no	kvinde chaser	conservative
n	an	no	kanal bas	inclusive
n	dmc	yes	skurk	conservative
n	re	no	capturer	inclusive
n	om	no	poof	conservative
n	ps	yes	tosse	conservative
n	ps	yes	negerkvinde	inclusive
a	is	yes	bedrøvet	inclusive
n	cds	no	nurseling	inclusive
n	asm	no	hånd job	conservative
n	qas	no	lagerholderen	inclusive
a	ddp	yes	dumme	conservative
n	om	no	namby-pamby	conservative
n	an	no	gylt	inclusive
n	qas	no	udbre	inclusive
n	cds	no	moaner	conservative
n	cds	no	fidus	inclusive
n	cds	no	tusindkonstner	conservative
n	re	no	handling	inclusive
n	svp	no	begær	inclusive
n	cds	no	politifolk	inclusive
n	pr	no	ko	inclusive
n	an	no	kødfår	inclusive
n	an	no	fjols	conservative
n	re	no	cosa nostra	conservative
n	an	no	skrubtudse	inclusive
n	re	no	eu's terrorliste	conservative
n	cds	no	wiliness	conservative
n	cds	no	devilment	conservative
n	ps	yes	romani	inclusive
n	cds	no	spildevand	inclusive
n	cds	no	schoolmarm	conservative
n	ps	yes	vandaler	inclusive
n	or	no	kartofler	inclusive
n	an	no	mollusk	inclusive
n	an	no	inexorability	conservative
n	an	no	dyreriget	inclusive
n	re	no	holdup	inclusive
n	asf	no	falde fyr	conservative
n	om	no	homophile	inclusive
v	an	no	gø	inclusive
n	cds	no	litterære hack	conservative
n	ddp	yes	analfabetisme	inclusive
n	or	no	bonce	inclusive
n	ddp	yes	ignorant	conservative
n	an	no	kajman	inclusive
n	cds	no	vask room	inclusive
n	cds	no	grønskolling	conservative
n	cds	no	hoftestykke	conservative
n	cds	no	bordelmutter	inclusive
n	qas	no	bonde	inclusive
n	an	no	cayman	inclusive
n	cds	no	omnium-gatherum	inclusive
a	is	yes	fattige	inclusive
n	ddp	yes	stodder	conservative
n	or	no	lunkhead	conservative
n	an	no	zooerastia	conservative
n	qas	no	vagabund	conservative
n	cds	no	road agent	conservative
n	cds	no	pengeudlåner	inclusive
n	dmc	yes	rotter	inclusive
n	ps	yes	black	inclusive
n	pa	yes	professoren	inclusive
n	dmc	yes	frafalden	conservative
n	ps	yes	ostrogoth	inclusive
n	an	no	scum taske	conservative
n	an	no	midge	inclusive
n	dmc	yes	slyngelstater	conservative
n	asm	no	engelsk bønne	inclusive
n	pr	no	norge rat	inclusive
n	cds	no	pikhoved	conservative
n	cds	no	mutt	inclusive
n	cds	no	selskab	inclusive
n	cds	no	chiseller	conservative
n	an	no	floozie	conservative
n	re	no	voldtage	conservative
n	an	no	chinch	inclusive
n	qas	no	frasortering	conservative
n	svp	no	indignation	inclusive
n	asm	no	credulousness	conservative
n	cds	no	seloter	inclusive
a	cds	no	klog	inclusive
n	an	no	kroplus	inclusive
n	asm	no	testis	inclusive
n	dmc	yes	prevaricator	conservative
n	cds	no	penny dreadful	inclusive
n	ps	yes	judaism	inclusive
n	asm	no	fallossymbol	inclusive
n	svp	no	ravenousness	conservative
n	re	no	stjæler	inclusive
n	cds	no	tattletale	conservative
n	qas	no	borgerskabet	inclusive
n	cds	no	klogskab	inclusive
n	an	no	animalsk	inclusive
n	an	no	nanus	conservative
n	ddp	yes	lunkhead	conservative
n	dmc	yes	cheater	conservative
n	cds	no	belastninger	inclusive
n	cds	no	teamlærer	inclusive
n	or	no	majroe	inclusive
n	dmc	yes	blæksort	conservative
n	cds	no	spædbørn	inclusive
n	an	no	raunch	conservative
n	ps	yes	asiatisk	inclusive
n	svp	no	apatisk	inclusive
n	cds	no	fortastede	conservative
n	ps	yes	negro	inclusive
n	ps	yes	darky	conservative
n	ps	yes	mestizaje	conservative
n	an	no	æselhingst	inclusive
n	qas	no	bourgeoisiet	inclusive
n	cds	no	bande	inclusive
n	om	no	bagperron	inclusive
n	cds	no	konspirationsteorier	inclusive
n	cds	no	bedrager	conservative
n	pr	no	buncombe	conservative
n	dmc	yes	abjection	inclusive
n	asm	no	penil	inclusive
n	svp	no	sparsomhed	inclusive
n	cds	no	sportslige hus	inclusive
n	cds	no	toilet	inclusive
n	an	no	vinbjergsnegl	inclusive
n	qas	no	kaster	inclusive
n	cds	no	looker-on	conservative
n	re	no	overfald	inclusive
n	cds	no	scum taske	conservative
n	ddp	yes	kretinisme	inclusive
n	cds	no	bawdyhouse	inclusive
n	an	no	skørtejæger	conservative
n	cds	no	løgnerske	inclusive
a	ddp	yes	barnlig	conservative
n	ddp	yes	skifting	conservative
n	qas	no	talekunst	inclusive
n	om	no	sodomit	inclusive
n	qas	no	melange	inclusive
n	ddp	yes	lømmel	conservative
n	ddp	yes	bumbler	conservative
n	an	no	oksekød	inclusive
n	re	no	blackmailing	conservative
n	cds	no	penman	conservative
n	an	no	dyrs reproduktion	inclusive
n	qas	no	husholdning	inclusive
n	pr	no	maitresse	conservative
n	re	no	mafiaen	inclusive
n	cds	no	venality	conservative
n	an	no	insecta	inclusive
n	cds	no	blowhard	conservative
n	cds	no	bondeknold	conservative
n	om	no	poove	conservative
n	or	no	brassica rapa	inclusive
n	cds	no	skrammel	conservative
n	pr	no	hor	inclusive
n	pr	no	john	conservative
n	cds	no	partier	inclusive
n	asf	no	changelings	conservative
n	ps	yes	lømmel	conservative
n	cds	no	bedrager	inclusive
n	asm	no	teste	inclusive
n	qas	no	ideolog	inclusive
n	ps	yes	afrikansk afstamning	inclusive
n	svp	no	tightfistedness	conservative
n	cds	no	kriminelle	inclusive
n	cds	no	fidus	conservative
n	cds	no	praktisk joker	conservative
n	cds	no	kriminalitet	inclusive
n	cds	no	nouveau-riche	inclusive
n	cds	no	stammefolk	inclusive
n	cds	no	tavshedsløfte	inclusive
n	pr	no	john	inclusive
n	dmc	yes	churl	conservative
n	cds	no	forlegenhed	inclusive
n	qas	no	kenneler	inclusive
n	ddp	yes	fæ	conservative
n	an	no	cakehole	inclusive
n	an	no	snude	inclusive
n	svp	no	trencherman	inclusive
n	an	no	pikhoved	conservative
n	or	no	kål	inclusive
n	qas	no	amatører	inclusive
n	cds	no	beslægtet	inclusive
n	qas	no	metalaffald	inclusive
n	an	no	body snatchers	inclusive
n	an	no	patsy	conservative
n	cds	no	pandar	conservative
n	qas	no	cadger	conservative
n	is	yes	cheapskate	conservative
n	cds	no	spærring	inclusive
n	qas	no	odds og ender	inclusive
n	re	no	voldsmand	inclusive
n	cds	no	homunculi	inclusive
n	re	no	neonaticide	inclusive
n	cds	no	scrawler	conservative
n	an	no	looter	inclusive
n	cds	no	massageklinik	inclusive
n	re	no	furiousness	inclusive
n	svp	no	abulia	inclusive
n	ddp	yes	blunderer	conservative
n	re	no	terrorist	conservative
n	an	no	hyaenidae	inclusive
n	pa	yes	top	inclusive
n	an	no	tamsvin	inclusive
n	asm	no	bønner	inclusive
n	dmc	yes	klovn	inclusive
n	cds	no	pak	conservative
n	an	no	geder	inclusive
n	cds	no	loansharking	inclusive
n	dmc	yes	rogue	conservative
n	om	no	paederastia	inclusive
n	an	no	fæ	conservative
n	pa	yes	diplomatiske rang	inclusive
n	cds	no	falskheden	conservative
n	cds	no	stjæler	inclusive
n	pr	no	rotter	inclusive
n	cds	no	ungdomsbander	inclusive
n	cds	no	fumbler	conservative
n	cds	no	ragelse	inclusive
n	cds	no	wiseacre	conservative
n	dmc	yes	vildledende	conservative
n	cds	no	klasselærer	inclusive
n	re	no	overfaldet	inclusive
n	an	no	chen	inclusive
n	cds	no	æble poleremaskine	conservative
n	svp	no	amour propre	conservative
n	qas	no	rigsfriherre	inclusive
n	an	no	orme	inclusive
n	pa	yes	revisorer	inclusive
n	cds	no	ruffer	inclusive
n	or	no	dunderhead	conservative
n	dmc	yes	runt	conservative
n	cds	no	roguery	conservative
n	an	no	zooerasty	conservative
n	cds	no	arsenal	inclusive
n	re	no	plagiat	inclusive
n	re	no	mafiosi	conservative
n	asf	no	skede	conservative
n	an	no	animalcules	inclusive
n	asm	no	maxilliped	inclusive
n	cds	no	hjælpelærerinde	inclusive
n	asm	no	wank	conservative
